공간정보일련번호,지형지물명,등록구,관리기관,명칭,구경,형식,최대유량,가설일자,급수계통,작동상태,맨홀지형지물부호,맨홀등록구,용도
27,유량계,부산진구,시설관리사업소,안창태영택시1,150,터어빈형,,1997-12-01,,양호,상수맨홀,부산진구,권역
29,유량계,부산진구,시설관리사업소,범일6동양수선100,100,터어빈형,,1997-12-01,,양호,상수맨홀,부산진구,권역
30,유량계,부산진구,시설관리사업소,한전변전소앞100,100,터어빈형,,1999-12-01,,양호,상수맨홀,부산진구,권역
31,유량계,서구,시설관리사업소,송도,500,초음파식,276070.26,2020-03-23,감천배수지,양호,,,권역
32,유량계,금정구,시설관리사업소,명장협진1,800,초음파식,0,2017-05-31,덕천가압장(시내),양호,상수맨홀,금정구,권역
34,유량계,부산진구,부산진사업소,19-2블록 유량계,200,전자식,0,2017-03-02,사상가압장(신설),양호,,부산진구,블록
35,유량계,연제구,동래통합사업소,(구)신도극장(시청앞),300,터어빈형,0,1999-12-01,사상가압장(신설),양호,상수맨홀,연제구,권역
36,유량계,연제구,시설관리사업소,하마정,1500,초음파식,286789.01,2018-08-15,사상가압장(신설),양호,상수맨홀,연제구,권역
37,유량계,동래구,시설관리사업소,온천전철,1000,초음파식,0,2021-04-08,오륜배수지,양호,,동래구,권역
38,유량계,부산진구,부산진사업소,32-2블록 유량계,150,전자식,284604.66,2025-03-19,전포2배수지,양호,,부산진구,블록
39,유량계,부산진구,부산진사업소,32-3블록 유량계,300,초음파식,284580.02,2002-09-08,전포2배수지,양호,,,블록
40,유량계,북구,북부사업소,7-1블록 유량계,200,전자식,2533,2013-11-21,덕산정수장(생활직송),양호,상수맨홀,북구,블록
41,유량계,동구,중동부사업소,3블록유량계,400,전자식,1181,2019-05-16,개금1배수지,양호,상수맨홀,동구,블록
42,유량계,남구,남부사업소,제28블록 유량계,300,전자식,282127.57,2017-01-01,덕천가압장(시내),양호,,남구,블록
43,유량계,사하구,사하사업소,9블록 유량계,150,전자식,275,2019-03-13,덕산정수장(생활직송),양호,상수맨홀,사하구,블록
44,유량계,사하구,사하사업소,33블록 유량계,300,초음파식,275855.21,2015-10-15,성화원부스터,양호,상수맨홀,사하구,블록
45,유량계,사하구,시설관리사업소,하단1,1200,초음파식,0,2017-05-30,사상가압장(신설),양호,상수맨홀,사하구,권역
46,유량계,남구,남부사업소,제22블록 유량계,300,전자식,0,2017-01-01,사상가압장(신설),양호,,남구,블록
47,유량계,서구,서부사업소,7-2블록 유량계(구3-4),150,전자식,0,2015-10-06,수정산터널배수지,양호,,서구,블록
48,유량계,영도구,영도사업소,12블록 유량계(13-2통합,300,초음파식,277161.83,2021-05-24,청학배수지,양호,상수맨홀,영도구,블록
49,유량계,수영구,남부사업소,제10블록유량계,400,초음파식,285122.39,2018-04-17,덕천가압장(시내),양호,,수영구,블록
50,유량계,동구,중동부사업소,13블록유량계,300,초음파식,1650,2003-10-30,영주배수지,양호,,동구,블록
51,유량계,부산진구,부산진사업소,48블록 유량계,200,전자식,282941.79,2017-03-02,개금2배수지,양호,,부산진구,블록
52,유량계,서구,서부사업소,15블록 유량계,250,초음파식,0,2023-03-20,아미배수지,양호,,,블록
53,유량계,서구,서부사업소,20-1블록 유량계,300,초음파식,277657.55,2024-06-03,복병산배수지,양호,,서구,블록
54,유량계,남구,남부사업소,제42블록유량계,400,전자식,0,2017-01-01,덕천가압장(시내),양호,,남구,블록
55,유량계,부산진구,부산진사업소,29블록 유량계,200,전자식,0,2019-05-27,전포2배수지,양호,,부산진구,블록
56,유량계,중구,중동부사업소,25블록유량계,250,초음파식,3305,2003-11-05,복병산배수지,양호,,중구,블록
57,유량계,금정구,동래통합사업소,제18블록유량계,200,전자식,0,2023-05-02,서동배수지,양호,상수맨홀,금정구,블록
58,유량계,금정구,동래통합사업소,제13블록 유량계,300,초음파식,,2002-12-07,덕천가압장(시내),양호,상수맨홀,금정구,블록
59,유량계,부산진구,부산진사업소,7블록 유량계,200,전자식,285450.33,2024-07-08,당감배수지,양호,,부산진구,블록
60,유량계,부산진구,부산진사업소,12-1블록 유량계,200,전자식,0,2016-05-10,거제배수지,양호,,부산진구,블록
61,유량계,북구,북부사업소,유량계,200,초음파식,,2000-01-01,덕산정수장(생활직송),양호,,북구,기타
62,유량계,사하구,사하사업소,6블록 유량계,200,전자식,3185,2025-04-02,괴정1가압장,양호,,사하구,블록
63,유량계,사하구,사하사업소,34블록 유량계,150,전자식,1313,2023-03-23,덕산정수장(생활직송),양호,,사하구,블록
65,유량계,사상구,북부사업소,50블록 유량계,250,초음파식,287235.47,2017-06-14,덕산정수장(생활직송),양호,상수맨홀,사상구,블록
66,유량계,부산진구,시설관리사업소,안창라인펌프1,50,익차형,,1997-12-01,안창가압장,양호,,부산진구,권역
70,유량계,남구,시설관리사업소,범일시민,900,초음파식,0,2017-06-01,사상가압장(신설),양호,,남구,권역
71,유량계,사하구,사하사업소,7-1블록 유량계,200,전자식,924,2018-04-13,대티2배수지,양호,,사하구,블록
72,유량계,동래구,동래통합사업소,23블록유량계,250,전자식,289308.73,2017-06-28,덕천가압장(오륜),양호,상수맨홀,동래구,블록
73,유량계,사하구,사하사업소,20블록 유량계,300,전자식,3399,2018-04-13,아미배수지,양호,,사하구,블록
74,유량계,수영구,남부사업소,제15블록유량계,300,전자식,284308.58,2017-01-01,덕천가압장(시내),양호,,수영구,블록
75,유량계,수영구,남부사업소,제14블록유량계,200,전자식,0,2014-01-01,덕천가압장(시내),양호,,수영구,블록
76,유량계,금정구,동래통합사업소,제27블록 유량계,150,전자식,0,2025-05-19,서동배수지,양호,상수맨홀,금정구,블록
77,유량계,사하구,시설관리사업소,대티고개,300,터어빈형,,1997-07-01,덕산정수장(생활),양호,상수맨홀,사하구,권역
78,유량계,사하구,사하사업소,4블록 유량계,250,전자식,4040,2016-07-16,덕산정수장(생활직송),양호,,사하구,블록
79,유량계,중구,중동부사업소,28블록 유량계,200,전자식,278604.23,2024-04-17,복병산배수지,양호,,중구,블록
80,유량계,중구,중동부사업소,27블록유량계,200,전자식,,2005-10-10,복병산배수지,양호,,중구,블록
81,유량계,동구,중동부사업소,2블록유량계,150,전자식,281743.9,2021-09-29,영주배수지,양호,,동구,블록
82,유량계,부산진구,부산진사업소,27블록 유량계,200,전자식,284603.07,2018-03-19,전포1배수지,양호,,부산진구,블록
83,유량계,남구,남부사업소,제20블록 유량계,300,초음파식,283132.24,2021-04-05,낙농가압장,양호,,남구,블록
84,유량계,서구,서부사업소,12블록 유량계,250,초음파식,0,2017-04-24,대티배수지,양호,,서구,블록
85,유량계,사상구,시설관리사업소,낙동대교,450,초음파식,0,2018-04-27,덕산정수장(공업직송),양호,상수맨홀,사상구,권역
86,유량계,동래구,동래통합사업소,26블록유량계,250,전자식,0,2018-05-14,덕천가압장(시내),양호,상수맨홀,동래구,블록
87,유량계,동래구,동래통합사업소,14블록유량계,250,전자식,0,2017-06-28,덕천가압장(시내),양호,상수맨홀,동래구,블록
88,유량계,남구,남부사업소,제52블록 유량계,300,전자식,0,2022-04-26,용호2배수지,양호,,남구,블록
90,유량계,수영구,남부사업소,제19블록 유량계,300,초음파식,0,2020-05-20,덕천가압장(시내),양호,,수영구,블록
91,유량계,동래구,동래통합사업소,25블록유량계,250,전자식,289262.31,2017-06-28,명장배수지,양호,상수맨홀,동래구,블록
92,유량계,사상구,북부사업소,30블록 유량계,300,초음파식,0,2024-04-16,덕산정수장(생활직송),양호,상수맨홀,사상구,블록
93,유량계,금정구,동래통합사업소,제19블록 유량계,200,초음파식,290949.47,2004-07-27,명장정수장(가압),양호,상수맨홀,금정구,블록
94,유량계,동래구,동래통합사업소,30블록유량계,300,전자식,0,2017-06-28,명장정수장(직송),양호,상수맨홀,동래구,블록
95,유량계,사상구,북부사업소,42블록 유량계,350,초음파식,283774.11,2025-04-04,개금1배수지,양호,상수맨홀,사상구,블록
96,유량계,동구,중동부사업소,14블록유량계,200,전자식,0,2021-03-04,수정산터널배수지,양호,,동구,블록
97,유량계,남구,남부사업소,제33블록 유량계,250,초음파식,0,2021-04-07,덕천가압장(시내),양호,,남구,블록
98,유량계,남구,남부사업소,제26블록 유량계,250,초음파식,0,2018-04-17,덕천가압장(시내),양호,,남구,블록
99,유량계,동래구,동래통합사업소,5블록유량계,300,전자식,290326.97,2017-06-28,덕천가압장(오륜),양호,상수맨홀,동래구,블록
100,유량계,수영구,남부사업소,제18블록 유량계,250,초음파식,282748.08,2018-04-17,덕천가압장(시내),양호,,수영구,블록
101,유량계,수영구,남부사업소,제17블록 유량계,250,초음파식,0,2018-04-17,덕천가압장(시내),양호,,수영구,블록
102,유량계,영도구,영도사업소,14블록유량계,150,전자식,277390.49,2020-03-12,청학배수지,양호,상수맨홀,영도구,블록
103,유량계,서구,서부사업소,16블록 유량계,200,전자식,278543.58,2016-11-02,대티배수지,양호,,서구,블록
104,유량계,부산진구,부산진사업소,43블록 유량계,150,전자식,0,2023-03-20,개금1배수지,양호,,부산진구,블록
105,유량계,사하구,사하사업소,10블럭 유량계,300,초음파식,277674.21,2020-09-24,신평배수지,양호,상수맨홀,사하구,블록
106,유량계,사하구,사하사업소,11블럭 유량계,150,전자식,0,2021-03-08,사상가압장(신설),양호,상수맨홀,사하구,블록
107,유량계,금정구,시설관리사업소,명장협진2,400,초음파식,0,2019-05-07,덕천가압장(시내),양호,,금정구,권역
109,유량계,동래구,시설관리사업소,온천입구2,450,초음파식,0,2010-03-29,명장정수장(직송),양호,,동래구,권역
110,유량계,수영구,시설관리사업소,연산학성,400,초음파식,0,2018-04-18,망미가압장,양호,상수맨홀,수영구,권역
111,유량계,서구,서부사업소,27블록 유량계,250,초음파식,0,2017-04-24,덕산정수장(생활직송),양호,,서구,블록
112,유량계,사상구,북부사업소,34블록 유량계,200,전자식,285038.73,2019-05-02,덕산정수장(생활직송),양호,상수맨홀,사상구,블록
113,유량계,중구,중동부사업소,17-1블록유량계,200,전자식,0,2020-02-24,수정산터널배수지,양호,,중구,블록
114,유량계,부산진구,부산진사업소,34블록 유량계,200,전자식,0,2021-05-04,개금1배수지,양호,,부산진구,블록
115,유량계,연제구,시설관리사업소,시청앞,1000,초음파식,286801.65,2022-02-22,사상가압장(신설),양호,,연제구,권역
116,유량계,중구,중동부사업소,20블록유량계,200,전자식,,2005-04-14,복병산배수지,양호,,중구,블록
117,유량계,연제구,동래통합사업소,39블록유량계,200,전자식,288199.89,2018-05-14,사상가압장(신설),양호,상수맨홀,연제구,블록
118,유량계,영도구,영도사업소,구)4블록 유량계,150,전자식,277230.97,2013-01-24,사상가압장(기설),양호,상수맨홀,영도구,블록
119,유량계,동래구,동래통합사업소,12블록유량계,250,전자식,289901.7,2018-05-14,덕천가압장(시내),양호,상수맨홀,동래구,블록
120,유량계,영도구,영도사업소,2블록유량계,200,전자식,277196.38,2024-06-27,영도배수지,양호,상수맨홀,영도구,블록
121,유량계,부산진구,시설관리사업소,거제배수지,700,초음파식,0,2014-12-01,,양호,,부산진구,권역
1,유량계,기타,덕산정수사업소,1정수 회수유량계,400,전자식,0,1986-06-01,덕산정수장(생활직송),양호,,기타,기타
3,유량계,기타,덕산정수사업소,2정수 회수유량계,400,전자식,0,1989-03-01,덕산정수장(생활직송),양호,,기타,기타
4,유량계,수영구,남부사업소,제 7블록 유량계,200,전자식,0,2022-04-26,덕천가압장(시내),양호,,수영구,블록
5,유량계,수영구,남부사업소,제16블록 유량계,300,초음파식,0,2024-05-22,덕천가압장(시내),양호,,수영구,블록
6,유량계,강서구,시설관리사업소,진해,600,초음파식,0,2020-03-23,녹산생활배수지,양호,상수맨홀,강서구,권역
8,유량계,강서구,시설관리사업소,명지IC,1000,초음파식,0,2020-03-16,덕산정수장(공업직송),양호,상수맨홀,강서구,권역
9,유량계,동래구,동래통합사업소,9블록유량계,150,전자식,0,2023-05-04,명장배수지,양호,상수맨홀,동래구,블록
10,유량계,사하구,사하사업소,27블록 유량계,200,전자식,0,2023-03-23,덕산정수장(생활직송),양호,,사하구,블록
11,유량계,강서구,시설관리사업소,수관교2,2200,초음파식,0,2021-04-08,덕산정수장(생활직송),양호,,강서구,권역
12,유량계,강서구,시설관리사업소,수관교300,300,터어빈형,,1997-11-01,덕산정수장(생활직송),양호,,강서구,권역
13,유량계,강서구,강서사업소,강서6블록 유량계,200,전자식,0,2021-02-19,덕산정수장(생활직송),양호,상수맨홀,강서구,블록
14,유량계,강서구,강서사업소,강서13블록 유량계,200,전자식,0,2022-04-29,덕산정수장(생활직송),양호,,강서구,블록
15,유량계,강서구,시설관리사업소,수관교1,2200,초음파식,0,2017-11-08,덕산정수장(생활직송),양호,,강서구,권역
16,유량계,강서구,강서사업소,강서3블록 유량계,200,전자식,0,2016-05-19,덕산정수장(생활직송),양호,,강서구,블록
17,유량계,강서구,강서사업소,강서12블록 유량계,200,전자식,0,2016-05-19,덕산정수장(생활직송),양호,상수맨홀,강서구,블록
18,유량계,금정구,시설관리사업소,장전식물원,200,터어빈형,0,1998-11-01,화명정수장,양호,상수맨홀,금정구,권역
19,유량계,중구,중동부사업소,19블록유량계,250,전자식,1290,2015-09-16,개금1배수지,양호,상수맨홀,중구,블록
20,유량계,중구,중동부사업소,26블록유량계,200,전자식,2694,2024-04-16,복병산배수지,양호,상수맨홀,중구,블록
22,유량계,금정구,시설관리사업소,온천입구1,500,초음파식,291257.92,2020-03-23,덕천가압장(시내),양호,상수맨홀,금정구,권역
23,유량계,영도구,영도사업소,3블록유량계,150,초음파식,276622.15,2024-06-27,영도배수지,양호,상수맨홀,영도구,블록
24,유량계,금정구,시설관리사업소,석대1,800,초음파식,0,2017-05-31,명장정수장(직송),양호,상수맨홀,금정구,권역
25,유량계,금정구,시설관리사업소,명륜명서,100,터어빈형,0,1998-11-01,명장정수장,양호,상수맨홀,금정구,권역
26,유량계,부산진구,시설관리사업소,신주례,500,초음파식,0,2022-02-22,사상가압장(신설),양호,상수맨홀,부산진구,권역
244,유량계,중구,중동부사업소,23블록유량계,200,전자식,1307,2003-10-06,복병산배수지,양호,,중구,블록
245,유량계,영도구,영도사업소,1블록 유량계,200,전자식,277351.48,2021-05-24,영도배수지,양호,상수맨홀,영도구,블록
246,유량계,사하구,사하사업소,21블록유량계,200,전자식,0,2017-04-28,감천배수지,양호,,사하구,블록
247,유량계,서구,서부사업소,23블록 유량계,300,초음파식,276050.26,2019-05-28,감천배수지,양호,,서구,블록
249,유량계,사상구,북부사업소,46-1블록 유량계,300,전자식,0,2021-05-27,사상가압장(기설),양호,상수맨홀,사상구,블록
250,유량계,사하구,사하사업소,2블록 유량계,250,초음파식,279371.94,2023-03-23,사상가압장(기설),양호,,사하구,블록
251,유량계,서구,서부사업소,1블록 유량계,80,전자식,0,2014-01-01,꽃마을배수지,양호,,서구,블록
252,유량계,부산진구,부산진사업소,9블록 유량계,150,전자식,0,2024-04-04,거제배수지,양호,,부산진구,블록
253,유량계,동래구,동래통합사업소,서명초등학교앞,100,터어빈형,290994.82,2001-12-21,명장배수지,양호,,,권역
254,유량계,수영구,시설관리사업소,고려제강,1800,초음파식,287206.61,2022-02-22,덕천가압장(시내),양호,,수영구,권역
255,유량계,기장군,시설관리사업소,송정,700,초음파식,0,2018-04-27,좌동2배수지,양호,,기장군,권역
256,유량계,해운대구,해운대사업소,반송1동 제7블록 유량계,200,전자식,0,2025-03-24,반송배수지,양호,상수맨홀,해운대구,블록
257,유량계,해운대구,해운대사업소,반송1동 제8블록 유량계,250,초음파식,0,2018-04-24,반송배수지,양호,상수맨홀,해운대구,블록
258,유량계,해운대구,해운대사업소,반여3동 제15블록 유량계,250,초음파식,0,2015-10-13,반여2배수지1부스터,양호,상수맨홀,해운대구,블록
259,유량계,금정구,동래통합사업소,제1블록 유량계,200,전자식,0,2014-02-03,범어사정수장(직송),양호,상수맨홀,금정구,블록
260,유량계,강서구,강서사업소,강서5블록 유량계,200,전자식,0,2024-04-29,덕산정수장(생활직송),양호,상수맨홀,강서구,블록
261,유량계,부산진구,시설관리사업소,광명사앞,75,터어빈형,,1999-12-01,,양호,상수맨홀,부산진구,권역
262,유량계,서구,서부사업소,9블록 유량계,200,전자식,279380.53,2018-04-03,대티배수지,양호,,서구,블록
263,유량계,부산진구,부산진사업소,42블록 유량계,300,초음파식,0,2019-05-27,개금1배수지,양호,,부산진구,블록
264,유량계,부산진구,부산진사업소,40블록 유량계,200,전자식,0,2018-03-19,개금1배수지,양호,,부산진구,블록
265,유량계,서구,서부사업소,2-1블록유량계,200,전자식,0,2023-03-20,수정산터널배수지,양호,,서구,블록
266,유량계,동구,중동부사업소,15블록 유량계,200,전자식,280271.48,2004-11-05,수정1배수지,양호,,동구,블록
291,유량계,동구,중동부사업소,9블록유량계,200,전자식,0,2019-05-09,개금1배수지,양호,,동구,블록
292,유량계,금정구,동래통합사업소,제22블록 유량계,250,전자식,0,2021-06-04,명장정수장(가압),양호,상수맨홀,금정구,블록
294,유량계,금정구,명장정수사업소,원수유출 유량계,1200,초음파식,0,2015-11-01,,양호,,금정구,원수
295,유량계,사하구,사하사업소,19블록 유량계,200,전자식,277250.91,2024-06-17,사상가압장(기설),양호,,사하구,블록
296,유량계,동래구,동래통합사업소,28블록유량계,250,초음파식,0,2022-04-28,명장배수지,양호,상수맨홀,동래구,블록
297,유량계,연제구,동래통합사업소,32블록 유량계,250,전자식,288265.22,2023-05-04,덕천가압장(오륜),양호,상수맨홀,연제구,블록
298,유량계,연제구,동래통합사업소,53블록 유량계,150,전자식,0,2008-09-09,,양호,상수맨홀,연제구,블록
299,유량계,해운대구,해운대사업소,반여1동 급수탑용 유량계실,100,터어빈형,289568.35,2002-09-06,명장정수장(가압),양호,상수맨홀,해운대구,기타
300,유량계,해운대구,해운대사업소,우1동 제25블록 유량계,300,전자식,285182.68,2016-07-26,좌동2배수지,양호,상수맨홀,해운대구,블록
301,유량계,해운대구,해운대사업소,우2동 제22블록 유량계,200,전자식,,2002-11-15,덕천가압장(시내),양호,상수맨홀,해운대구,블록
302,유량계,해운대구,해운대사업소,중1동 제30블록 유량계,300,초음파식,285063.89,2017-05-01,덕천가압장(시내),양호,상수맨홀,해운대구,블록
303,유량계,사하구,사하사업소,38-1블록 소블록유량계설치,200,터어빈형,0,2008-05-15,덕산정수장(생활직송),양호,,사하구,블록(보조)
304,유량계,사하구,사하사업소,38-1블록내 (소블록유량계설치),100,터어빈형,0,2008-05-15,덕산정수장(생활직송),양호,,사하구,블록(보조)
305,유량계,사하구,사하사업소,38-1블록내(소블록유량계설치),100,터어빈형,0,2008-05-15,덕산정수장(생활직송),양호,,사하구,블록(보조)
306,유량계,연제구,동래통합사업소,54블록 유량계,200,전자식,0,2022-05-09,물만골가압장,양호,상수맨홀,연제구,블록
307,유량계,부산진구,부산진사업소,11블록 유량계,250,초음파식,0,2017-03-02,거제배수지,양호,,부산진구,블록
308,유량계,영도구,영도사업소,제22블록 유량계,200,전자식,0,2020-03-12,해돋이배수지,양호,상수맨홀,영도구,블록
309,유량계,해운대구,해운대사업소,반여1동 제12블록 유량계,250,전자식,288879.18,2020-03-20,명장정수장(가압),양호,상수맨홀,해운대구,블록
310,유량계,기장군,기장사업소,2블록 유량계,250,전자식,296678.34,2021-04-30,봉대산배수지,양호,상수맨홀,기장군,블록
311,유량계,금정구,동래통합사업소,제23블록 유량계,200,전자식,0,2021-06-04,명장정수장(가압),양호,,금정구,블록
313,유량계,해운대구,해운대사업소,반여2동 제16블록 유량계,300,초음파식,,2015-10-13,반여배수지,양호,상수맨홀,해운대구,블록
314,유량계,해운대구,해운대사업소,반여3동 제14블록 유량계,250,전자식,0,2020-03-20,반여2배수지,양호,상수맨홀,해운대구,블록
267,유량계,사상구,북부사업소,45블록 유량계,200,전자식,0,2019-05-02,덕산정수장(생활직송),양호,상수맨홀,사상구,블록
269,유량계,금정구,동래통합사업소,제30블록 유량계,200,전자식,226,2025-05-19,남산배수지,양호,상수맨홀,금정구,블록
270,유량계,서구,서부사업소,26블록 유량계,150,전자식,280497.38,2025-03-26,구덕배수지,양호,,서구,블록
271,유량계,서구,서부사업소,14블록 유량계,200,전자식,278565.92,2024-06-03,대티배수지,양호,,서구,블록
272,유량계,사상구,북부사업소,35블록 유량계,200,전자식,283802.8,2021-11-11,덕산정수장(생활직송),양호,상수맨홀,사상구,블록
273,유량계,사상구,북부사업소,40블록 유량계,200,전자식,283833.19,2006-12-19,덕산정수장(생활직송),양호,상수맨홀,사상구,블록
274,유량계,서구,서부사업소,8-1블록 유량계,100,전자식,279994.26,2020-05-15,수정산터널배수지,양호,,서구,블록
275,유량계,동래구,해운대사업소,반여4동 제10블록 유량계,300,전자식,0,2020-03-20,명장배수지,양호,,해운대구,블록
276,유량계,사상구,시설관리사업소,주례1,1500,초음파식,0,2019-05-07,사상가압장(신설),양호,,사상구,권역
277,유량계,사하구,사하사업소,29-1블록 유량계,100,전자식,0,2025-04-02,덕산정수장(생활직송),양호,,사하구,블록
278,유량계,사상구,북부사업소,34-1블록 유량계,150,전자식,283748,2018-06-01,덕산정수장(생활직송),양호,상수맨홀,사상구,블록
279,유량계,수영구,남부사업소,제12블록 유량계,150,전자식,285273.96,2008-12-19,덕천가압장(시내),양호,,수영구,블록
280,유량계,사하구,사하사업소,5블록 유량계,250,초음파식,0,2020-02-26,당리부스터,양호,,사하구,블록
281,유량계,영도구,영도사업소,제16블록 유량계,100,전자식,160,2019-03-11,해돋이배수지,양호,상수맨홀,영도구,블록
282,유량계,동구,중동부사업소,8-1블록유량계,200,전자식,0,2021-03-12,수정2배수지,양호,,동구,블록
283,유량계,남구,남부사업소,제38블록 유량계,150,전자식,0,2024-05-22,감만배수지,양호,,남구,블록
284,유량계,사상구,시설관리사업소,학장,2200,전자식,0,2021-05-26,사상가압장(신설),양호,,사상구,권역
285,유량계,사상구,북부사업소,31블록 유량계,250,전자식,139.2,2015-10-25,덕산정수장(생활직송),양호,상수맨홀,사상구,블록
286,유량계,서구,서부사업소,5블록 유량계,250,초음파식,279337.92,2018-04-03,대티배수지,양호,,서구,블록
287,유량계,사상구,북부사업소,29블록 유량계,300,초음파식,302,2017-06-14,덕산정수장(생활직송),양호,상수맨홀,사상구,블록
288,유량계,사상구,북부사업소,33블록 유량계,300,초음파식,285064.94,2017-06-14,덕산정수장(생활직송),양호,상수맨홀,사상구,블록
289,유량계,사상구,북부사업소,25블록 유량계,150,전자식,0,2016-05-24,덕산정수장(생활직송),양호,상수맨홀,사상구,블록
290,유량계,금정구,동래통합사업소,제15블록 유량계,250,전자식,0,2021-06-04,덕천가압장(시내),양호,,금정구,블록
123,유량계,동래구,동래통합사업소,27블록유량계,200,전자식,0,2023-05-04,명장배수지,양호,상수맨홀,동래구,블록
124,유량계,동래구,동래통합사업소,8블록유량계,250,전자식,0,2022-05-02,명장배수지,양호,상수맨홀,동래구,블록
125,유량계,남구,남부사업소,제45블록 유량계,150,전자식,,2008-06-18,감만배수지,양호,,남구,블록
126,유량계,사상구,북부사업소,41-1블록 유량계,150,전자식,283514.54,2018-06-01,덕산정수장(생활직송),양호,상수맨홀,사상구,블록
128,유량계,동구,중동부사업소,10블록유량계,250,전자식,3072,2024-09-23,영주배수지,양호,,동구,블록
129,유량계,수영구,남부사업소,제 5블록 유량계,200,전자식,0,2021-07-05,망미배수지,양호,,수영구,블록
130,유량계,서구,서부사업소,19블록 유량계,250,초음파식,278324.23,2022-04-05,아미배수지,양호,,서구,블록
131,유량계,부산진구,부산진사업소,10블록 유량계,200,전자식,0,2016-05-10,거제배수지,양호,,부산진구,블록
132,유량계,동구,중동부사업소,6-1블록유량계,150,전자식,720,2021-03-08,수정산터널배수지,양호,,동구,블록
133,유량계,남구,남부사업소,제50블럭 유량계,200,전자식,279078.97,2025-05-08,덕천가압장(시내),양호,,남구,블록
134,유량계,부산진구,부산진사업소,39블록 유량계,200,전자식,284539.03,2022-04-08,전포1배수지,양호,,부산진구,블록
135,유량계,사하구,사하사업소,39블록 유량계,200,전자식,278773.91,2018-04-13,사상가압장(기설),양호,,사하구,블록
136,유량계,사하구,사하사업소,10-1블록 유량계,150,전자식,277864.04,2016-07-16,신평배수지,양호,,사하구,블록
137,유량계,사하구,사하사업소,15블록 유량계,150,전자식,0,2020-02-26,덕산정수장(생활직송),양호,,사하구,블록
138,유량계,금정구,동래통합사업소,제4블록 유량계,300,전자식,0,2019-11-28,남산배수지,양호,,금정구,블록
139,유량계,서구,서부사업소,24블록 유량계,200,전자식,275775.48,2021-12-23,감천배수지,양호,,서구,블록
140,유량계,사상구,북부사업소,41블록 유량계,200,전자식,283509.08,2021-05-27,덕산정수장(생활직송),양호,상수맨홀,사상구,블록
141,유량계,동래구,동래통합사업소,3블록유량계,200,전자식,0,2021-06-04,덕천가압장(시내),양호,상수맨홀,동래구,블록
142,유량계,금정구,동래통합사업소,제20블록 유량계,200,전자식,,2015-10-14,명장정수장(가압),양호,상수맨홀,금정구,블록
143,유량계,부산진구,부산진사업소,47블록 유량계,300,초음파식,0,2019-05-22,수정산터널배수지,양호,,부산진구,블록
144,유량계,수영구,남부사업소,제 4블록 유량계,200,전자식,286884.84,2006-10-10,덕천가압장(시내),양호,,수영구,블록
146,유량계,사하구,사하사업소,28블록 유량계설치,100,전자식,0,2019-03-14,덕산정수장(생활직송),양호,,사하구,블록
147,유량계,부산진구,부산진사업소,14블록 유량계,250,전자식,0,2017-09-11,거제배수지,양호,,부산진구,블록
148,유량계,부산진구,부산진사업소,45블록 유량계,300,전자식,0,2016-05-10,수정산터널배수지,양호,,부산진구,블록
149,유량계,동래구,동래통합사업소,15블록계량기,250,전자식,0,2019-11-28,덕천가압장(시내),양호,상수맨홀,동래구,블록
150,유량계,동래구,동래통합사업소,31블록유량계,400,초음파식,0,2019-11-28,명장정수장(직송),양호,상수맨홀,동래구,블록
151,유량계,사상구,북부사업소,26블록 유량계,200,전자식,0,2022-10-20,덕산정수장(생활직송),양호,상수맨홀,사상구,블록
152,유량계,동래구,동래통합사업소,16블록유량계,450,초음파식,0,2020-06-08,덕천가압장(시내),양호,상수맨홀,동래구,블록
153,유량계,연제구,동래통합사업소,41-1블록 유량계,200,전자식,0,2020-06-09,사상가압장(신설),양호,상수맨홀,연제구,블록
154,유량계,수영구,남부사업소,제 3블록 유량계,200,전자식,0,2006-10-10,명장배수지,양호,,수영구,블록
155,유량계,북구,북부사업소,20블록 유량계,150,전자식,288880.51,2006-05-19,덕천가압장(오륜),양호,상수맨홀,북구,블록
156,유량계,금정구,동래통합사업소,유량계실,100,기타,0,2000-01-01,덕천가압장(시내),양호,상수맨홀,금정구,기타
157,유량계,부산진구,부산진사업소,26블록 유량계,250,전자식,0,2017-03-02,전포1배수지,양호,,,블록
158,유량계,연제구,동래통합사업소,49블록유량계,300,초음파식,,2015-09-17,덕천가압장(시내),양호,상수맨홀,연제구,블록
159,유량계,부산진구,시설관리사업소,범천경남,800,초음파식,0,2018-04-18,사상가압장(신설),양호,상수맨홀,부산진구,권역
160,유량계,수영구,남부사업소,제11블록유량계,300,초음파식,0,2015-10-21,덕천가압장(시내),양호,,수영구,블록
161,유량계,동구,중동부사업소,5블록유량계,300,초음파식,2070,2003-11-23,개금1배수지,양호,,동구,블록
162,유량계,수영구,남부사업소,제 9블록유량계,300,전자식,0,2016-01-01,덕천가압장(시내),양호,,수영구,블록
163,유량계,연제구,동래통합사업소,34블록유량계,200,전자식,,2015-09-10,덕천가압장(시내),양호,상수맨홀,연제구,블록
164,유량계,연제구,동래통합사업소,41블록유량계,150,전자식,0,2017-06-28,덕천가압장(시내),양호,상수맨홀,연제구,블록
165,유량계,금정구,동래통합사업소,제2블록 유량계,300,전자식,296741.01,2017-06-28,남산배수지,양호,상수맨홀,금정구,블록
166,유량계,금정구,동래통합사업소,제17블록 유량계,200,전자식,,2011-03-22,덕천가압장(시내),양호,상수맨홀,금정구,블록
168,유량계,동래구,동래통합사업소,24블록유량계,300,전자식,0,2018-05-14,덕천가압장(시내),양호,상수맨홀,동래구,블록
169,유량계,금정구,동래통합사업소,제3블록 유량계,300,전자식,0,2017-06-28,범어사정수장(직송),양호,상수맨홀,금정구,블록
170,유량계,동래구,시설관리사업소,식물원앞,500,전자식,0,2008-11-26,화명정수장,양호,,,권역
171,유량계,금정구,동래통합사업소,제11블록 유량계,300,초음파식,292779.21,2015-10-05,덕천가압장(시내),양호,상수맨홀,금정구,블록
172,유량계,영도구,영도사업소,13-1블록유량계,300,초음파식,277149.78,2021-05-24,청학배수지,양호,상수맨홀,영도구,블록
173,유량계,사하구,시설관리사업소,감천,400,초음파식,0,2016-12-15,덕산정수장(생활직송),양호,,사하구,권역
174,유량계,서구,사하사업소,20-1블록 유량계설치,80,전자식,0,2022-07-07,아미부스터,양호,,서구,블록
175,유량계,영도구,영도사업소,제17블록 유량계,150,전자식,277159.35,2018-02-20,청학배수지,양호,상수맨홀,영도구,블록
176,유량계,영도구,영도사업소,10블록유량계,150,전자식,277069.94,2021-05-24,청학배수지,양호,상수맨홀,영도구,블록
179,유량계,부산진구,시설관리사업소,범3호교,800,초음파식,0,2010-03-29,개금1배수지,양호,상수맨홀,부산진구,권역
181,유량계,남구,남부사업소,제32블록 유량계,200,전자식,0,2020-05-20,덕천가압장(시내),양호,,남구,블록
182,유량계,동구,중동부사업소,7블록유량계,200,전자식,0,2019-04-18,개금1배수지,양호,,동구,블록
183,유량계,부산진구,부산진사업소,32-1블록 유량계,200,전자식,284452.59,2018-03-19,전포1배수지,양호,,부산진구,블록
184,유량계,남구,남부사업소,제36블록 유량계,300,초음파식,0,2019-05-17,덕천가압장(시내),양호,,남구,블록
185,유량계,동래구,시설관리사업소,수영천,1500,초음파식,0,2017-06-01,덕천가압장(시내),양호,,동래구,권역
186,유량계,연제구,동래통합사업소,36블록 유량계,300,전자식,0,2018-05-14,덕천가압장(시내),양호,상수맨홀,연제구,블록
187,유량계,연제구,동래통합사업소,38블록유량계,400,전자식,287665.73,2018-05-14,거제배수지,양호,상수맨홀,연제구,블록
188,유량계,부산진구,부산진사업소,28블록 유량계,200,전자식,0,2016-11-14,문현배수지,양호,,부산진구,블록
189,유량계,수영구,남부사업소,제 2블록유량계,250,초음파식,0,2020-05-20,덕천가압장(시내),양호,,수영구,블록
190,유량계,동래구,동래통합사업소,17블록유량계,200,전자식,0,2021-06-04,명장배수지,양호,상수맨홀,동래구,블록
191,유량계,남구,남부사업소,제31블록 유량계,250,초음파식,0,2020-05-20,덕천가압장(시내),양호,,남구,블록
193,유량계,남구,남부사업소,제29블록 유량계,250,초음파식,0,2016-01-01,대연가압장,양호,,남구,블록
194,유량계,부산진구,부산진사업소,12블록 유량계,200,전자식,0,2018-03-19,거제배수지,양호,,부산진구,블록
196,유량계,금정구,동래통합사업소,제14블록 유량계,250,전자식,0,2021-06-04,덕천가압장(시내),양호,상수맨홀,금정구,블록
198,유량계,금정구,명장정수사업소,원수유입 유량계,350,초음파식,0,2009-03-02,,양호,,금정구,
200,유량계,연제구,동래통합사업소,45블록유량계,400,초음파식,0,2019-11-28,명장정수장(직송),양호,상수맨홀,연제구,블록
201,유량계,연제구,동래통합사업소,33블록유량계,400,초음파식,0,2019-11-28,사상가압장(신설),양호,상수맨홀,연제구,블록
202,유량계,동래구,동래통합사업소,21블록유량계,300,전자식,0,2020-06-04,사직부스터,양호,상수맨홀,동래구,블록
203,유량계,금정구,동래통합사업소,제5블록 유량계,300,초음파식,,2006-06-30,화명정수장,양호,상수맨홀,금정구,블록
204,유량계,부산진구,부산진사업소,23블록 구역유량계,250,초음파식,0,2018-11-22,문현배수지,양호,,부산진구,블록
205,유량계,남구,남부사업소,제24블록 유량계,250,초음파식,0,2021-07-01,전포2배수지,양호,,남구,블록
206,유량계,서구,서부사업소,11블록 유량계,250,초음파식,279302.8,2017-04-24,대티배수지,양호,,서구,블록
207,유량계,중구,중동부사업소,16블록유량계,150,전자식,0,2023-04-11,수정산터널배수지,양호,,중구,블록
209,유량계,북구,북부사업소,3블록 유량계,250,전자식,0,2020-05-20,금곡배수지,양호,상수맨홀,북구,블록
211,유량계,부산진구,부산진사업소,36블록 유량계,150,전자식,0,2021-05-04,개금1배수지,양호,,부산진구,블록
212,유량계,북구,북부사업소,13블록 유량계,300,전자식,0,2010-10-01,만덕1배수지,양호,상수맨홀,북구,블록
213,유량계,동래구,동래통합사업소,22블록유량계,500,초음파식,289036.06,2020-06-08,덕천가압장(오륜),양호,상수맨홀,동래구,블록
215,유량계,북구,북부사업소,구역 유량계,200,전자식,290608.33,2002-01-01,덕산정수장(생활직송),양호,상수맨홀,북구,기타
216,유량계,북구,북부사업소,7-3블록 유량계,100,전자식,290750.13,2019-05-02,덕산정수장(생활직송),양호,,북구,블록
217,유량계,남구,남부사업소,제47블록 유량계,400,초음파식,0,2022-04-26,덕천가압장(시내),양호,,남구,블록
218,유량계,사하구,시설관리사업소,구역유량계,300,초음파식,,1998-01-01,덕산정수장(공업직송),양호,상수맨홀,사하구,기타
219,유량계,서구,서부사업소,21블록 유량계,150,전자식,277412.31,2016-07-08,아미배수지,양호,,서구,블록
220,유량계,금정구,동래통합사업소,제21블록 유량계,250,초음파식,,2006-08-27,명장정수장(직송),양호,,금정구,블록
221,유량계,영도구,영도사업소,제15블록 유량계,200,전자식,200,2018-02-20,청학배수지,양호,상수맨홀,영도구,블록
222,유량계,남구,남부사업소,제34블록유량계,400,초음파식,420,2015-10-26,덕천가압장(시내),양호,,,블록
223,유량계,동구,중동부사업소,8블록유량계,150,전자식,720,2021-03-12,수정2배수지,양호,,동구,블록
224,유량계,북구,북부사업소,18-1블록 유량계,300,초음파식,289458.46,2006-05-27,덕천가압장(오륜),양호,상수맨홀,북구,블록
225,유량계,북구,시설관리사업소,만덕,1800,초음파식,290751.19,2022-02-22,덕천가압장(시내),양호,,북구,권역
226,유량계,북구,북부사업소,13-1블록 유량계,100,전자식,291002.43,2016-05-16,만덕1배수지,양호,상수맨홀,북구,블록
227,유량계,사하구,사하사업소,35블럭 유량계,250,초음파식,0,2020-04-28,장림배수지,양호,상수맨홀,사하구,블록
228,유량계,사상구,북부사업소,지역유량계,100,터어빈형,121,1991-01-01,덕산정수장(생활직송),양호,상수맨홀,사상구,권역
229,유량계,북구,북부사업소,17블록 유량계,150,전자식,288981.03,2014-08-01,덕천가압장(오륜),양호,상수맨홀,북구,블록
230,유량계,사상구,북부사업소,지역유량계,150,터어빈형,,1999-01-01,엄궁배수지,양호,상수맨홀,사상구,권역
231,유량계,사하구,시설관리사업소,하단3,1650,초음파식,0,2022-02-22,,양호,상수맨홀,사하구,권역
234,유량계,중구,중동부사업소,22블록유량계,300,초음파식,278494.16,2003-10-08,복병산배수지,양호,,중구,블록
235,유량계,사하구,사하사업소,5-1블록유량계,200,전자식,579,2024-06-17,당리부스터,양호,,사하구,블록
236,유량계,중구,중동부사업소,18블록유량계,250,초음파식,2547,2003-11-18,영주배수지,양호,,중구,블록
237,유량계,서구,서부사업소,17블록 유량계,250,초음파식,278231.95,2018-04-03,아미배수지,양호,,서구,블록
239,유량계,사하구,사하사업소,13블럭 유량계,200,전자식,278056.8,2018-04-13,덕산정수장(생활직송),양호,상수맨홀,사하구,블록
240,유량계,사하구,시설관리사업소,구역유량계,150,초음파식,,1998-01-01,덕산정수장(생활직송),양호,상수맨홀,사하구,기타
241,유량계,사하구,시설관리사업소,구역유량계,150,터어빈형,,1997-01-01,덕산정수장(생활직송),양호,상수맨홀,사하구,기타
242,유량계,부산진구,부산진사업소,20블록 유량계,200,전자식,,2016-11-14,전포1배수지,양호,,부산진구,블록
463,유량계,기장군,시설관리사업소,고촌,500,초음파식,0,2020-03-16,명장정수장(가압),양호,,기장군,권역
464,유량계,연제구,동래통합사업소,연동시장 전용 유량계,50,익차형,0,2016-05-09,덕천가압장(시내),양호,상수맨홀,연제구,기타
465,유량계,사하구,사하사업소,39-1블록 유량계,100,전자식,278500.99,2021-02-23,당리부스터,양호,,사하구,블록
466,유량계,사하구,사하사업소,40블록 유량계,300,초음파식,0,2022-03-17,사상가압장(기설),양호,,사하구,블록
467,유량계,금정구,동래통합사업소,제16블록 유량계,300,초음파식,,2015-10-05,덕천가압장(시내),양호,상수맨홀,금정구,블록
468,유량계,부산진구,부산진사업소,5-1유량계,250,초음파식,0,2018-11-28,당감가압장,양호,,부산진구,블록
469,유량계,부산진구,부산진사업소,21블록 유량계,150,전자식,0,2024-04-05,전포1배수지,양호,,부산진구,블록
470,유량계,해운대구,시설관리사업소,좌동1배수지 유입,1200,초음파식,0,2011-03-30,덕천가압장(시내),양호,,해운대구,배수지
471,유량계,기장군,기장사업소,10블록 유량계,300,전자식,0,2017-03-22,좌동2배수지,양호,,기장군,블록
472,유량계,중구,중동부사업소,21블록 비교 측정용 유량계,250,터어빈형,0,2012-05-25,복병산배수지,양호,,중구,블록(보조)
473,유량계,강서구,시설관리사업소,녹산배수지,800,전자식,,2016-10-28,덕산정수장(생활직송),양호,상수맨홀,강서구,권역
474,유량계,중구,시설관리사업소,영도대교1(미사용),700,초음파식,0,1997-05-01,사상가압장(기설),양호,상수맨홀,중구,기타
476,유량계,기타,시설관리사업소,신항배후2,250,초음파식,1700,2022-02-22,부산신항배수지,양호,,강서구,권역
477,유량계,해운대구,해운대사업소,우1동 제23블록유량계,300,초음파식,0,2022-06-28,덕천가압장(시내),양호,상수맨홀,해운대구,블록
479,유량계,기장군,기장사업소,12블록 유량계,200,전자식,12,2015-10-20,고촌배수지,양호,,,블록
480,유량계,동래구,명장정수사업소,제2정수지 유입유량계,1500,초음파식,0,2004-12-01,명장정수장(가압),양호,,동래구,기타
481,유량계,해운대구,해운대사업소,석대동 제9블록 유량계,150,전자식,0,2022-06-28,명장정수장(가압),양호,상수맨홀,해운대구,블록
482,유량계,중구,시설관리사업소,영도대교,1000,초음파식,0,2018-12-12,덕산정수장(생활직송),양호,,,권역
484,유량계,해운대구,해운대사업소,좌4동 제28블록 유량계,800,삽입터어빈실,286718.52,2009-12-31,좌동2배수지,양호,상수맨홀,해운대구,블록
485,유량계,해운대구,해운대사업소,좌3동 제28-1블록 유량계,700,초음파식,0,2023-12-11,덕천가압장(시내),양호,상수맨홀,해운대구,블록
486,유량계,동래구,시설관리사업소,원동교,800,초음파식,0,2016-12-15,,양호,,,권역
487,유량계,영도구,영도사업소,21블록 유량계,300,전자식,277101.48,2014-06-02,해돋이배수지,양호,상수맨홀,영도구,블록
315,유량계,해운대구,해운대사업소,반송2동 제4블록 유량계,250,초음파식,292653.26,2017-05-01,신반송가압장,양호,상수맨홀,해운대구,블록
316,유량계,기장군,기장사업소,5블록 유량계,250,전자식,293884.05,2017-03-22,좌동2배수지,양호,,기장군,블록
317,유량계,기장군,기장사업소,6블록 유량계,300,초음파식,294646.47,2024-03-26,좌동2배수지,양호,,기장군,블록
318,유량계,기장군,기장사업소,7-1블록 유량계,200,전자식,0,2017-03-22,좌동2배수지,양호,,기장군,블록
319,유량계,연제구,동래통합사업소,37블록 유량계,250,전자식,0,2021-06-04,명장배수지,양호,상수맨홀,연제구,블록
320,유량계,수영구,남부사업소,제 1블록 유량계,200,전자식,0,2020-05-20,망미가압장,양호,,수영구,블록
321,유량계,부산진구,부산진사업소,기계식,200,터어빈형,0,2006-01-01,거제배수지,양호,,부산진구,블록(보조)
322,유량계,연제구,동래통합사업소,43블록 유량계,250,초음파식,0,2022-05-18,명장정수장(직송),양호,상수맨홀,연제구,블록
323,유량계,북구,북부사업소,19블록 유량계,250,초음파식,290261.91,2023-04-03,덕천가압장(시내),양호,상수맨홀,북구,블록
324,유량계,부산진구,부산진사업소,19-1블록 유량계,200,전자식,0,2018-03-19,전포1배수지,양호,,,블록
325,유량계,연제구,시설관리사업소,거양교회,300,터어빈형,,2011-03-01,사상가압장(신설),양호,상수맨홀,연제구,권역
326,유량계,부산진구,부산진사업소,22블록유량계,250,초음파식,0,2025-03-19,연산배수지,양호,,부산진구,블록
327,유량계,동래구,동래통합사업소,13블록유량계,300,전자식,0,2019-11-28,덕천가압장(시내),양호,상수맨홀,동래구,블록
329,유량계,해운대구,해운대사업소,반여1동 제11블록 유량계,300,초음파식,289702.45,2017-05-20,덕천가압장(시내),양호,상수맨홀,해운대구,블록
330,유량계,강서구,시설관리사업소,수관교,1500,초음파식,0,2017-05-30,덕산정수장(생활직송),양호,상수맨홀,강서구,권역
331,유량계,금정구,동래통합사업소,제28블록 유량계,250,전자식,,2007-06-26,덕천가압장(시내),양호,,금정구,블록
333,유량계,서구,서부사업소,22블록 유량계,250,초음파식,276380.2,2017-04-24,남부민배수지,양호,,서구,블록
334,유량계,강서구,강서사업소,유량계,100,터어빈형,0,2005-12-15,덕산정수장(생활),양호,상수맨홀,강서구,
335,유량계,강서구,강서사업소,유량계,100,터어빈형,0,2005-12-15,덕산정수장(생활),양호,상수맨홀,강서구,
336,유량계,강서구,강서사업소,유량계,100,터어빈형,0,2005-12-15,덕산정수장(생활),양호,상수맨홀,강서구,
337,유량계,강서구,강서사업소,유량계,300,터어빈형,0,2005-12-15,덕산정수장(생활),양호,상수맨홀,강서구,
338,유량계,영도구,영도사업소,20블록 유량계,200,전자식,0,2019-03-11,해돋이배수지,양호,상수맨홀,영도구,블록
339,유량계,사하구,사하사업소,32블록 유량계,250,전자식,,2015-09-14,덕산정수장(생활직송),양호,,사하구,블록
340,유량계,부산진구,부산진사업소,13블록 유량계,300,전자식,0,2019-06-10,거제배수지,양호,,부산진구,블록
341,유량계,사하구,사하사업소,33블록내 (소블록유량계설치),50,익차형,0,2008-05-03,성화원부스터,양호,,사하구,블록(보조)
342,유량계,사하구,사하사업소,26블록 유량계,200,전자식,,2015-10-27,감천배수지,양호,,사하구,블록
343,유량계,금정구,동래통합사업소,제25블록 유량계,150,전자식,291067.4,2022-04-12,서동배수지,양호,,금정구,블록
344,유량계,금정구,동래통합사업소,제29블록 유량계,250,전자식,0,2022-04-14,덕천가압장(시내),양호,,금정구,블록
345,유량계,남구,남부사업소,제45-1블록 유량계,200,전자식,280855.04,2018-04-27,감만배수지,양호,,남구,블록
346,유량계,연제구,동래통합사업소,47블록유량계,300,초음파식,,2015-10-11,덕천가압장(시내),양호,상수맨홀,연제구,블록
347,유량계,남구,시설관리사업소,문현배수지,500,전자식,700,2019-10-25,문현배수지,양호,,남구,권역
348,유량계,사하구,사하사업소,15-1블록 유량계,150,전자식,0,2023-03-23,덕산정수장(생활직송),양호,,사하구,블록(보조)
349,유량계,사상구,북부사업소,38블록 유량계,150,전자식,283888.33,2018-06-01,개금1배수지,양호,상수맨홀,사상구,블록
350,유량계,사상구,북부사업소,43블록 유량계,300,초음파식,283708.46,2008-09-26,수정산터널배수지,양호,상수맨홀,사상구,블록
351,유량계,사상구,북부사업소,22블록 유량계,200,전자식,0,2019-05-02,덕산정수장(생활직송),양호,상수맨홀,사상구,블록
353,유량계,북구,북부사업소,16블록 유량계,250,초음파식,290624.66,2021-05-27,만덕가압장,양호,상수맨홀,북구,블록
354,유량계,사상구,시설관리사업소,주례2,400,초음파식,0,2022-02-22,사상가압장(신설),양호,,사상구,권역
355,유량계,남구,남부사업소,제49블록 유량계,250,전자식,0,2015-10-19,덕천가압장(시내),양호,,남구,블록
356,유량계,동구,중동부사업소,12-1블록 유량계,150,전자식,0,2019-04-08,수정산터널배수지,양호,,동구,블록
357,유량계,기장군,기장사업소,1블록 유량계,150,전자식,302021.24,2020-04-23,봉대산배수지,양호,상수맨홀,기장군,블록
358,유량계,기장군,기장사업소,14-1블록 유량계,400,초음파식,303161.87,2021-04-30,정관지구저지배수지,,상수맨홀,기장군,블록
359,유량계,강서구,강서사업소,강서10블록 유량계,300,초음파식,0,2021-02-19,덕산정수장(생활직송),양호,,강서구,블록
360,유량계,금정구,동래통합사업소,제 14-1블록 유량계,150,전자식,0,2023-04-19,덕천가압장(시내),양호,,금정구,블록
361,유량계,부산진구,부산진사업소,1블록 유량계,250,초음파식,0,2021-05-04,신당감가압장,양호,,부산진구,블록
362,유량계,동구,시설관리사업소,유량계 (유출관로),1000,초음파식,0,2017-06-01,수정산터널배수지,양호,,동구,권역
363,유량계,서구,서부사업소,22-1블록 유량계,100,전자식,0,2024-06-03,남부민부스터,양호,,서구,블록
365,유량계,연제구,동래통합사업소,52블록 유량계,250,전자식,0,2021-06-04,덕천가압장(시내),양호,상수맨홀,연제구,블록
366,유량계,사상구,북부사업소,32블록 유량계,200,전자식,285122.96,2015-10-18,덕산정수장(생활직송),양호,상수맨홀,사상구,블록
367,유량계,수영구,남부사업소,제 8블록 유량계,300,전자식,0,2022-04-26,덕천가압장(시내),양호,,수영구,블록
368,유량계,남구,남부사업소,제48블록 유량계,200,전자식,3000,2011-01-01,덕천가압장(시내),양호,,남구,블록
369,유량계,금정구,동래통합사업소,제7블록 유량계,400,전자식,0,2017-06-28,덕천가압장(시내),양호,상수맨홀,금정구,블록
370,유량계,사하구,사하사업소,18블록유량계,200,전자식,0,2019-03-12,신평배수지,양호,,사하구,블록
371,유량계,남구,남부사업소,제39블록 유량계,200,전자식,0,2022-04-26,감만배수지,양호,,남구,블록
372,유량계,남구,남부사업소,제40블록 유량계,150,전자식,0,2007-09-19,덕천가압장(시내),양호,,남구,블록
373,유량계,사하구,사하사업소,17블록 유량계,150,전자식,0,2019-03-13,신평배수지,양호,,사하구,블록
374,유량계,남구,남부사업소,제23블록 유량계,250,초음파식,0,2017-04-17,문현배수지,양호,,남구,블록
375,유량계,서구,서부사업소,2-2블록유량계,200,전자식,279612.75,2023-03-20,대티배수지,양호,,서구,블록
376,유량계,서구,서부사업소,4블록유입유량계,100,전자식,0,2018-04-17,대티2배수지,양호,,서구,블록
377,유량계,사상구,북부사업소,24블록 유량계,200,전자식,288121.57,2021-05-27,사상가압장(신설),양호,상수맨홀,사상구,블록
378,유량계,북구,북부사업소,14-2블록 유량계,250,초음파식,290663.3,2020-05-20,덕천가압장(오륜),양호,상수맨홀,북구,블록
379,유량계,금정구,동래통합사업소,제8블록 유량계,250,초음파식,0,2008-05-22,덕천가압장(시내),양호,,금정구,블록
380,유량계,북구,북부사업소,14-1블록 유량계,250,전자식,290652.13,2024-04-16,만덕1배수지,양호,상수맨홀,북구,블록
381,유량계,영도구,영도사업소,제22-1블록 유량계,200,전자식,275460.44,2020-03-12,해돋이배수지,양호,상수맨홀,영도구,블록
382,유량계,영도구,영도사업소,제7블록 유량계,150,전자식,276328.61,2018-12-21,청학배수지,양호,상수맨홀,영도구,블록
383,유량계,동구,중동부사업소,8-2블록 유량계,150,전자식,281128.46,2008-07-30,수정산터널배수지,양호,,동구,블록
384,유량계,수영구,남부사업소,제13블록 유량계,150,전자식,0,2008-12-19,덕천가압장(시내),양호,,수영구,블록
385,유량계,중구,중동부사업소,17블록유량계,150,전자식,0,2023-04-11,수정산터널배수지,양호,,중구,블록
386,유량계,사하구,사하사업소,32블록 유량계(사용안함),400,전자식,0,1999-01-01,덕산정수장(생활직송),양호,,사하구,기타
387,유량계,금정구,시설관리사업소,금사1,1200,초음파식,1140,2024-04-18,명장정수장(가압),양호,상수맨홀,금정구,권역
388,유량계,사하구,사하사업소,7-2블록 유량계,150,전자식,408,2017-04-28,대티2배수지,양호,,사하구,블록
389,유량계,강서구,강서사업소,강서14블록유량계,600,초음파식,0,2007-12-01,덕산정수장(생활직송),양호,,강서구,블록
390,유량계,서구,서부사업소,미사용유량계,150,터어빈형,280556.46,2010-04-05,대티2배수지,양호,,서구,기타
391,유량계,부산진구,부산진사업소,36-1블록 유량계,200,전자식,0,2018-03-19,개금1배수지,양호,상수맨홀,부산진구,블록
392,유량계,기장군,시설관리사업소,유량계 (유출관로),700,초음파식,0,2015-08-11,좌동2배수지,양호,상수맨홀,기장군,배수지
393,유량계,해운대구,해운대사업소,반여1동 제13블록 유량계,300,전자식,288664.43,2021-04-26,덕천가압장(시내),양호,상수맨홀,해운대구,블록
394,유량계,강서구,강서사업소,,150,전자식,600,2015-02-14,덕산정수장(생활직송),양호,,강서구,기타
395,유량계,기장군,시설관리사업소,유량계 (유입관로),700,초음파식,0,2015-08-11,좌동2배수지,양호,상수맨홀,기장군,배수지
396,유량계,남구,남부사업소,제35블록 유량계,150,초음파식,0,2025-03-26,사상가압장(신설),양호,상수맨홀,남구,블록
398,유량계,금정구,동래통합사업소,제10블록 유량계,250,전자식,0,2022-04-12,덕천가압장(시내),양호,,금정구,블록
399,유량계,부산진구,부산진사업소,46블록 유량계,250,초음파식,0,2023-03-20,수정산터널배수지,양호,,부산진구,블록
400,유량계,부산진구,부산진사업소,38블록 유량계,150,전자식,0,2021-05-04,수정산터널배수지,양호,,부산진구,블록
401,유량계,연제구,동래통합사업소,소블록 유량계,200,터어빈형,,2007-08-22,거제배수지,양호,,연제구,
403,유량계,기장군,시설관리사업소,유량계 (유입관로),700,초음파식,0,2015-08-11,좌동2배수지,양호,상수맨홀,기장군,배수지
404,유량계,북구,북부사업소,1블록 유량계,300,초음파식,980,2023-04-03,금곡배수지,양호,상수맨홀,북구,블록
405,유량계,기타,시설관리사업소,김해1 유출 유량계,200,전자식,0,2017-06-30,덕산정수장(생활직송),양호,상수맨홀,기타,권역
406,유량계,기장군,기장사업소,18블록 유량계,100,전자식,297981.56,2019-05-13,봉대산배수지,양호,,기장군,블록
407,유량계,기장군,기장사업소,14-2블록 유량계,500,초음파식,302888.82,2021-04-30,정관지구저지배수지,,,기장군,블록
408,유량계,남구,남부사업소,제28-1블록 유량계,250,전자식,0,2024-05-22,덕천가압장(시내),양호,상수맨홀,남구,블록
409,유량계,기장군,기장사업소,14-4블록 유량계(300MM),300,초음파식,0,2024-03-26,정관지구저지배수지,양호,상수맨홀,기장군,블록
411,유량계,금정구,동래통합사업소,제12블록유량계,100,전자식,0,2023-04-19,덕천가압장(시내),양호,,금정구,블록
412,유량계,금정구,동래통합사업소,제 31블록 유량계,200,전자식,0,2010-08-09,덕천가압장(시내),양호,,금정구,블록
414,유량계,동래구,동래통합사업소,29블록유량계,250,전자식,,2016-05-26,덕천가압장(시내),양호,상수맨홀,동래구,블록
415,유량계,해운대구,해운대사업소,유량계실 (미사용),150,기타,287282,1999-01-01,덕천가압장(시내),양호,상수맨홀,해운대구,기타
416,유량계,부산진구,부산진사업소,30블록 유량계,300,전자식,285295.6,2016-05-10,전포1배수지,양호,,부산진구,블록
417,유량계,기장군,기장사업소,9-1블록 유량계,100,전자식,303682.66,2023-03-24,봉대산배수지,양호,상수맨홀,기장군,블록
419,유량계,기장군,기장사업소,14-4블록 유량계(100mm),100,전자식,0,2015-11-05,정관지구저지배수지,양호,상수맨홀,기장군,기타
420,유량계,해운대구,해운대사업소,좌1동 제27블록 유량계,300,전자식,286482.49,2021-04-26,덕천가압장(시내),양호,상수맨홀,해운대구,블록
422,유량계,서구,서부사업소,3블록 유량계(구3-1블록),150,전자식,0,2025-03-26,구덕배수지,양호,,서구,블록
423,유량계,기장군,기장사업소,4블록 유량계,200,전자식,294100.04,2014-05-02,봉대산배수지,양호,상수맨홀,기장군,블록
424,유량계,북구,북부사업소,18블록 유량계,200,전자식,289758.36,2006-02-01,덕천가압장(오륜),양호,상수맨홀,북구,블록
425,유량계,사하구,사하사업소,3-1블록유량계,100,전자식,596,2025-04-02,덕산정수장(생활직송),양호,상수맨홀,사하구,블록
426,유량계,동구,중동부사업소,4블록유량계,200,전자식,,2013-06-21,개금1배수지,양호,,동구,블록
427,유량계,사하구,사하사업소,29블록유량계,250,전자식,0,2023-03-23,덕산정수장(생활직송),양호,,사하구,블록
428,유량계,영도구,영도사업소,6블록 유량계,250,초음파식,277111.25,2017-04-26,영도배수지,양호,상수맨홀,영도구,블록
429,유량계,연제구,동래통합사업소,44블록유량계,300,전자식,,2016-06-02,덕천가압장(시내),양호,상수맨홀,연제구,블록
430,유량계,연제구,동래통합사업소,35블록유량계,300,전자식,,2016-06-15,사상가압장(신설),양호,상수맨홀,연제구,블록
431,유량계,해운대구,해운대사업소,재송1동19-1블록 유량계,200,전자식,288479.9,2025-03-24,덕천가압장(오륜),양호,상수맨홀,해운대구,블록
432,유량계,해운대구,해운대사업소,제19블록 유량계 (미사용,250,초음파식,287906.24,2015-12-21,덕천가압장(시내),양호,상수맨홀,해운대구,기타
433,유량계,부산진구,부산진사업소,41블록 유량계,250,초음파식,0,2025-03-19,신당감가압장,양호,,부산진구,블록
434,유량계,해운대구,시설관리사업소,반여2배수지(유출관로),400,초음파식,0,2015-06-26,반여2배수지,양호,,,배수지
435,유량계,강서구,강서사업소,,300,초음파식,2500,2015-02-14,덕산정수장(공업직송),양호,,강서구,
436,유량계,강서구,강서사업소,,150,전자식,600,2015-02-14,덕산정수장(생활직송),양호,,강서구,
437,유량계,강서구,강서사업소,,300,초음파식,2500,2015-02-14,덕산정수장(공업직송),양호,,강서구,
439,유량계,사상구,북부사업소,22-2블록 유량계,200,전자식,0,2020-05-20,사상가압장(신설),양호,상수맨홀,사상구,블록
440,유량계,북구,북부사업소,22-1블록,100,전자식,,2007-07-31,덕산정수장(생활직송),양호,,북구,블록
441,유량계,부산진구,부산진사업소,35블록 유량계,250,초음파식,0,2023-03-20,개금1배수지,양호,상수맨홀,부산진구,블록
442,유량계,연제구,동래통합사업소,46블록유량계,250,전자식,,2016-06-11,명장배수지,양호,상수맨홀,연제구,블록
444,유량계,해운대구,시설관리사업소,반여2배수지(유출관로),600,초음파식,0,2015-06-26,반여2배수지,양호,,해운대구,배수지
445,유량계,사하구,사하사업소,38-1블록 유량계,250,초음파식,0,2021-03-04,장림배수지,양호,상수맨홀,사하구,블록
446,유량계,영도구,영도사업소,9블록유량계,200,전자식,276908.24,2016-05-16,청학배수지,양호,상수맨홀,영도구,블록
447,유량계,동구,중동부사업소,5-1블록,200,전자식,282641.69,2016-04-29,영주배수지,양호,상수맨홀,동구,블록
448,유량계,동래구,시설관리사업소,미남R,1800,초음파식,0,2017-06-01,덕천가압장(오륜),양호,상수맨홀,,권역
449,유량계,사하구,시설관리사업소,하단2,900,초음파식,279411.79,2017-05-30,사상가압장(신설),양호,상수맨홀,사하구,권역
450,유량계,중구,중동부사업소,영주시장 전용 유량계,50,익차형,0,2016-07-11,복병산배수지,양호,,중구,기타
451,유량계,동래구,시설관리사업소,유량계 (유출관로),100,전자식,0,2016-06-29,동래온천수 펌프장(직송),양호,,,가압장
452,유량계,부산진구,부산진사업소,18블록 유량계,300,초음파식,0,2022-04-08,거제배수지,양호,,부산진구,블록
453,유량계,사하구,시설관리사업소,유량계 (유출관로),500,전자식,0,2011-09-26,감천배수지,양호,,사하구,배수지
455,유량계,영도구,영도사업소,8블록유량계,200,전자식,276360.77,2021-05-24,청학배수지,양호,상수맨홀,영도구,블록
456,유량계,동래구,동래통합사업소,20블록,250,초음파식,0,2025-03-18,명장배수지,양호,상수맨홀,동래구,블록
457,유량계,사하구,사하사업소,12블록 유량계,200,전자식,0,2019-03-19,대티2배수지,양호,,사하구,블록
458,유량계,기장군,기장사업소,2-1블록 유량계,150,전자식,302077.57,2013-05-09,봉대산배수지,양호,,기장군,블록
459,유량계,사하구,사하사업소,11-1블록 유량계,200,전자식,0,2019-03-14,괴정1가압장,양호,,사하구,블록
460,유량계,남구,남부사업소,제41블록 유량계,200,전자식,0,2024-05-22,덕천가압장(시내),양호,,남구,블록
461,유량계,기장군,기장사업소,16블록 유량계(현재미사용),400,전자식,307642.59,2019-06-04,기장명례배수지,,,기장군,블록(보조)
462,유량계,부산진구,부산진사업소,4-1블록 유량계,200,전자식,285432.81,2020-04-09,당감배수지,양호,,부산진구,블록
615,유량계,서구,시설관리사업소,유량계 (유입관로),400,초음파식,0,2019-05-20,사상가압장(기설),양호,상수맨홀,서구,배수지
616,유량계,북구,북부사업소,8-2블록 유량계,150,전자식,290785.94,2021-05-27,만덕1배수지,양호,상수맨홀,북구,블록
617,유량계,사하구,시설관리사업소,유량계 (유출관로),700,초음파식,277625.51,2011-06-30,사상가압장(기설),양호,,사하구,배수지
618,유량계,남구,시설관리사업소,유량계 (유입관로),400,초음파식,0,2015-12-02,덕천가압장(시내),양호,상수맨홀,남구,배수지
619,유량계,연제구,시설관리사업소,유량계 (유입관로),600,초음파식,0,2015-12-17,덕천가압장(시내),양호,상수맨홀,연제구,배수지
620,유량계,기타,화명정수사업소,회동취수800mm,800,초음파식,0,2005-05-09,,양호,상수맨홀,기타,원수
621,유량계,기타,화명정수사업소,회동취수1100mm,1100,초음파식,0,2005-05-09,,양호,상수맨홀,기타,원수
622,유량계,해운대구,시설관리사업소,반여2배수지1BP(유출관로),300,초음파식,0,2015-06-26,반여2배수지1부스터,양호,,해운대구,펌프장
623,유량계,해운대구,해운대사업소,우1동 제26블록 유량계,200,전자식,,2006-12-01,덕천가압장(시내),양호,상수맨홀,해운대구,블록
624,유량계,서구,서부사업소,1블록소유량계(사상구일부확인),40,익차형,0,2004-04-23,꽃마을1가압장,양호,,서구,기타
625,유량계,기장군,기장사업소,3블록 유량계,150,전자식,296210.94,2016-10-17,봉대산배수지,양호,상수맨홀,기장군,블록
626,유량계,중구,중동부사업소,24블록유량계,250,초음파식,679,2003-11-18,사상가압장(신설),양호,상수맨홀,중구,블록
627,유량계,강서구,강서사업소,강서9-4블록 유량계,300,초음파식,0,2016-06-28,덕산정수장(생활직송),양호,,강서구,블록(보조)
628,유량계,해운대구,해운대사업소,29블록 유량계 (신),300,전자식,0,2016-06-27,덕천가압장(시내),양호,상수맨홀,해운대구,블록(보조)
629,유량계,수영구,남부사업소,제 6블록 유량계,250,전자식,0,2016-01-01,덕천가압장(시내),양호,상수맨홀,수영구,블록
630,유량계,강서구,강서사업소,생곡 공업용수배수지,400,초음파식,0,2014-12-28,생곡공업용수배수지,양호,상수맨홀,강서구,배수지
631,유량계,강서구,강서사업소,생곡공업용수배수지,350,초음파식,0,2014-12-18,덕산정수장(공업직송),양호,상수맨홀,강서구,배수지
632,유량계,강서구,강서사업소,생곡생활용수배수지,400,초음파식,0,2014-12-18,생곡생활용수배수지,양호,상수맨홀,강서구,배수지
633,유량계,강서구,강서사업소,생곡생활용수 배수지,400,초음파식,0,2014-12-18,덕산정수장(생활직송),양호,상수맨홀,강서구,배수지
634,유량계,연제구,시설관리사업소,유량계 (유입관로),700,초음파식,0,2019-05-20,신사직가압장,양호,,연제구,배수지
636,유량계,동구,시설관리사업소,철도국펌프장,100,터어빈형,0,2005-03-25,사상가압장(신설),양호,상수맨홀,동구,권역
637,유량계,서구,시설관리사업소,유량계 (유출관로),300,전자식,0,2011-09-26,아미배수지,양호,,,배수지
638,유량계,서구,시설관리사업소,구덕운동장,700,전자식,280035.76,2019-10-15,사상가압장(신설),양호,,서구,권역
640,유량계,연제구,동래통합사업소,42블록 유량계,200,전자식,0,2020-06-08,덕천가압장(시내),양호,,연제구,블록
667,유량계,연제구,동래통합사업소,48블록유량계,300,전자식,0,2019-12-13,명장정수장(직송),양호,상수맨홀,연제구,블록
668,유량계,남구,남부사업소,제21블록 유량계,300,초음파식,0,2025-03-26,사상가압장(신설),양호,상수맨홀,남구,블록
669,유량계,기타,덕산정수사업소,2정수 유출유량계(공업용수),2200,초음파식,298679.04,2013-01-01,덕산정수장(공업직송),양호,,기타,정수장
670,유량계,강서구,강서사업소,강서7블럭 유량계,200,전자식,0,2018-04-27,지사생활배수지,양호,상수맨홀,강서구,블록
671,유량계,사상구,북부사업소,49블록 유량계,300,초음파식,287728.76,2012-12-24,덕산정수장(생활직송),양호,,사상구,블록
672,유량계,기장군,기장사업소,17블록 유량계,150,전자식,0,2025-03-07,범어사정수장(직송),양호,,기장군,블록
673,유량계,해운대구,해운대사업소,우2동 제21블록 유량계,250,전자식,286093.74,2015-09-15,덕천가압장(시내),양호,상수맨홀,해운대구,블록
674,유량계,북구,북부사업소,21블록 유량계,250,초음파식,288733.2,2025-05-08,구포2배수지,양호,상수맨홀,북구,블록
677,유량계,연제구,남부사업소,망미동암,300,터어빈형,,2014-01-09,덕천가압장(시내),양호,상수맨홀,연제구,권역
678,유량계,기장군,시설관리사업소,유량계 (유입관로),300,전자식,0,2016-10-28,장안배수지,양호,상수맨홀,기장군,배수지
679,유량계,부산진구,부산진사업소,3블록 유량계,250,전자식,284704.81,2020-04-09,사상가압장(신설),양호,,부산진구,블록
680,유량계,해운대구,시설관리사업소,유량계1 (유출관로),400,전자식,0,2011-09-26,반송배수지,양호,,해운대구,배수지
681,유량계,금정구,시설관리사업소,유량계 (유출관로),500,전자식,0,2011-09-26,남산배수지,양호,,금정구,배수지
682,유량계,강서구,강서사업소,화전배수지 유입,400,초음파식,0,2019-10-01,녹산생활배수지,양호,상수맨홀,강서구,배수지
683,유량계,북구,화명정수사업소,화명유입1350mm,1350,초음파식,0,2017-04-03,물금취수장(가압),양호,,북구,정수장
684,유량계,북구,화명정수사업소,화명 유입유량계,2000,초음파식,0,2018-04-01,물금취수장(가압),,,북구,원수
685,유량계,남구,남부사업소,제46블록 유량계,300,초음파식,279327.29,2019-04-03,덕천가압장(시내),양호,,남구,블록
686,유량계,사하구,사하사업소,25블록 유량계,350,초음파식,0,2025-04-02,사상가압장(기설),양호,,사하구,블록
687,유량계,부산진구,부산진사업소,17블록 유량계,300,초음파식,285801.1,2024-04-10,전포1배수지,양호,,부산진구,블록
688,유량계,서구,시설관리사업소,까치고개,150,터어빈형,,1999-12-01,괴정2가압장,양호,,서구,권역
689,유량계,강서구,강서사업소,강서15블록유량계,300,초음파식,0,2024-04-29,부산신항배수지,양호,상수맨홀,강서구,블록
691,유량계,금정구,시설관리사업소,금사2,600,초음파식,0,2017-05-31,,양호,,,권역
692,유량계,사상구,시설관리사업소,개금1,1100,초음파식,0,2019-05-01,,양호,,,권역
642,유량계,연제구,동래통합사업소,57블록 유량계,200,전자식,0,2023-05-04,연산배수지,양호,상수맨홀,연제구,블록
643,유량계,사하구,사하사업소,38블록유량계,150,전자식,0,2020-02-20,장림배수지,양호,상수맨홀,사하구,블록
644,유량계,강서구,강서사업소,강서11블록  유량계,250,초음파식,0,2020-02-19,화전산단배수지,양호,,강서구,블록
645,유량계,동구,중동부사업소,6블록 유량계,150,전자식,,2009-05-14,범일배수지,양호,,동구,블록
647,유량계,동구,중동부사업소,11블록유량계,200,전자식,0,2023-06-09,수정산터널배수지,양호,,동구,블록
648,유량계,서구,서부사업소,18블록 유량계,100,전자식,0,2023-03-20,남부민배수지,양호,,서구,블록
649,유량계,강서구,강서사업소,강서16-1블록 유량계,400,초음파식,0,2016-01-01,덕산정수장(생활직송),양호,,강서구,블록
650,유량계,해운대구,시설관리사업소,유량계 (유출관로),500,초음파식,0,2015-12-11,재송가압장,양호,,해운대구,가압장
651,유량계,기타,덕산정수사업소,1정수 유출유량계,2200,초음파식,0,2013-01-01,덕산정수장(생활직송),양호,,기타,정수장
652,유량계,사상구,북부사업소,45-1블록 유량계,200,전자식,0,2019-05-02,덕산정수장(생활직송),양호,,사상구,블록
653,유량계,북구,북부사업소,11블록 유량계,300,초음파식,290308.03,2017-06-14,덕산정수장(생활직송),양호,상수맨홀,북구,블록
654,유량계,기장군,시설관리사업소,장안산단 내,300,전자식,0,2010-02-02,장안배수지,양호,상수맨홀,기장군,배수지
655,유량계,기장군,시설관리사업소,장안산단 내 2,250,전자식,0,2010-02-02,장안배수지,양호,상수맨홀,기장군,배수지
656,유량계,기장군,기장사업소,16-1블록 유량계,250,전자식,0,2020-04-23,장안배수지,양호,상수맨홀,기장군,블록
657,유량계,해운대구,시설관리사업소,유량계 (유출관로),400,초음파식,0,2011-03-30,재송가압장,양호,,해운대구,가압장
658,유량계,북구,북부사업소,10-1블록 유량계,200,전자식,0,2014-05-09,덕산정수장(생활직송),양호,상수맨홀,북구,블록
659,유량계,사상구,북부사업소,47블록 유량계,300,초음파식,1000,2022-04-19,엄궁배수지,양호,상수맨홀,사상구,블록
660,유량계,영도구,시설관리사업소,동삼블록유량계,400,초음파식,277115.88,2010-07-09,해돋이배수지,양호,상수맨홀,영도구,권역
661,유량계,금정구,동래통합사업소,제6블록 유량계,250,전자식,0,2022-04-14,덕천가압장(시내),양호,,금정구,블록
662,유량계,금정구,동래통합사업소,제25-1블록 유량계,150,전자식,0,2023-04-20,서동부스터,양호,,금정구,블록
663,유량계,서구,서부사업소,13블록 유량계,250,초음파식,0,2021-04-19,대티배수지,양호,,서구,블록
664,유량계,강서구,강서사업소,강서9블록유량계(녹산공단),600,초음파식,0,2016-01-01,녹산생활배수지,양호,상수맨홀,강서구,블록
666,유량계,부산진구,부산진사업소,6블록 유량계,250,전자식,0,2020-04-09,당감배수지,양호,,부산진구,블록
488,유량계,영도구,영도사업소,24블록 유량계,150,전자식,276031.57,2022-03-22,해돋이배수지,양호,상수맨홀,영도구,블록
489,유량계,해운대구,해운대사업소,반송2동 제3블록 유량계,150,전자식,292670.79,2019-04-01,명장정수장(가압),양호,상수맨홀,해운대구,블록
490,유량계,해운대구,해운대사업소,반송2동 제2블록 유량계,200,전자식,0,2019-04-01,명장정수장(가압),양호,상수맨홀,해운대구,블록
491,유량계,해운대구,해운대사업소,반송1동 제1블록 유량계,250,전자식,292288.4,2021-04-26,명장정수장(가압),양호,상수맨홀,해운대구,블록
492,유량계,해운대구,해운대사업소,재송1동 제19블록 유량계,300,전자식,287862.37,2023-12-11,덕천가압장(시내),양호,상수맨홀,해운대구,블록
493,유량계,해운대구,해운대사업소,중동 제31블록 유량계,400,초음파식,0,2018-04-24,중동가압장,양호,상수맨홀,해운대구,블록
495,유량계,해운대구,해운대사업소,재송1동  제33블록 유량계,600,초음파식,286623.63,2023-12-11,덕천가압장(시내),양호,상수맨홀,해운대구,블록
496,유량계,동래구,명장정수사업소,제2여과지 역세수 회수 유량계,400,초음파식,0,2017-09-01,명장정수장(가압),양호,,동래구,기타
497,유량계,동래구,명장정수사업소,입상여과지 유입유량계,2500,초음파식,0,2004-12-01,명장정수장(가압),양호,,동래구,기타
498,유량계,동래구,명장정수사업소,원수 유입유량계,1800,초음파식,0,2003-09-01,명장정수장(가압),양호,,동래구,원수
499,유량계,동래구,명장정수사업소,제2여과지 역세수 유량계,1100,초음파식,0,2004-12-01,명장정수장(가압),양호,,동래구,기타
500,유량계,동래구,명장정수사업소,반송계통 유출 유량계,1200,초음파식,4140,2004-11-01,반송가압장,양호,,동래구,권역
501,유량계,동래구,명장정수사업소,명장배수지 유입유량계,1000,초음파식,0,2014-09-01,명장배수지,양호,,동래구,정수장
502,유량계,동래구,명장정수사업소,입상여과지 역세수 유량계,800,초음파식,0,2011-05-01,명장정수장(가압),양호,,동래구,기타
503,유량계,동래구,명장정수사업소,제2정수유출 유량계(서동),250,전자식,0,2004-11-01,명장배수지,양호,,동래구,기타
506,유량계,동래구,명장정수사업소,제1정수유출 유량계(서동계통),300,초음파식,0,2002-08-01,명장정수장(가압),양호,,동래구,기타
507,유량계,동래구,명장정수사업소,입상여과지 역세수 회수 유량계,400,초음파식,0,2016-12-01,명장정수장(가압),양호,,동래구,기타
509,유량계,금정구,명장정수사업소,정수유출 유량계,450,초음파식,0,2002-08-01,,양호,,금정구,기타
510,유량계,강서구,강서사업소,부산신항배수지 유출,700,초음파식,276669.78,2019-02-01,부산신항배수지,양호,,강서구,배수지
511,유량계,금정구,시설관리사업소,유량계 (유출관로),1200,초음파식,0,2011-09-06,덕산정수장(생활가압),양호,,금정구,배수지
512,유량계,해운대구,해운대사업소,제28-2 유량계(미사용),700,초음파식,0,2015-11-06,,양호,상수맨홀,해운대구,
513,유량계,해운대구,시설관리사업소,좌동2배수지 유입,1000,초음파식,287277.32,1996-12-01,덕천가압장(시내),양호,,해운대구,배수지
514,유량계,부산진구,부산진사업소,4블록 유량계,200,전자식,0,2024-04-15,당감배수지,양호,,부산진구,블록
516,유량계,기장군,기장사업소,14블록 유량계,500,초음파식,0,2021-04-30,정관지구고지배수지,양호,,기장군,블록
517,유량계,기장군,기장사업소,15블록 유량계,200,전자식,0,2022-04-27,정관지구고지배수지,양호,,기장군,블록
518,유량계,부산진구,부산진사업소,5블록 유량계,300,초음파식,0,2024-04-04,당감가압장,양호,,부산진구,블록
519,유량계,북구,북부사업소,4블록 유량계,250,전자식,2698,2015-10-07,금곡배수지,양호,상수맨홀,북구,블록
520,유량계,서구,사하사업소,아미,100,전자식,0,2017-06-30,아미부스터,양호,,서구,권역
521,유량계,서구,사하사업소,비교검침 유량계설치공사,50,익차형,0,2021-05-25,아미부스터,양호,,서구,
522,유량계,강서구,강서사업소,,700,전자식,0,2015-06-30,덕산정수장(생활직송),양호,,강서구,
523,유량계,해운대구,해운대사업소,반여2동 제18블록 유량계,200,전자식,0,2024-03-28,반여2배수지2부스터,양호,상수맨홀,해운대구,블록
524,유량계,기장군,시설부(해양정수센터),,700,초음파식,,2014-06-30,,양호,,기장군,
525,유량계,남구,시설관리사업소,문전,900,초음파식,283550.98,2019-12-18,사상가압장(신설),양호,상수맨홀,남구,권역
526,유량계,북구,시설관리사업소,덕산Bypass,1500,초음파식,0,2016-12-01,덕산정수장(생활직송),양호,,북구,권역
528,유량계,북구,시설관리사업소,덕천양수3 유량계(유출관로),1800,초음파식,290722.58,2020-03-12,덕천가압장(오륜),양호,상수맨홀,북구,권역
529,유량계,사하구,시설관리사업소,대티,600,초음파식,0,2018-04-17,괴정1가압장,양호,,서구,권역
530,유량계,강서구,강서사업소,강서1블럭 유량계,300,초음파식,0,2016-12-22,덕산정수장(생활직송),양호,상수맨홀,강서구,블록
531,유량계,사상구,시설관리사업소,사상양수2 유량계(유출관로),2000,초음파식,287369,2016-12-01,사상가압장(신설),양호,,사상구,권역
532,유량계,사상구,시설관리사업소,사상양수1 유량계(유출관로),2200,초음파식,0,2019-05-01,덕산정수장(생활직송),양호,,사상구,권역
533,유량계,강서구,시설관리사업소,구포대교,400,초음파식,290483.43,2016-12-22,,양호,상수맨홀,강서구,권역
534,유량계,기타,시설관리사업소,김해2 유출유량계,300,전자식,0,2017-06-30,덕산정수장(생활직송),양호,상수맨홀,기타,권역
535,유량계,해운대구,해운대사업소,재송1동 제20블록 유량계,200,전자식,0,2005-12-01,반여2배수지,양호,상수맨홀,해운대구,블록
536,유량계,해운대구,해운대사업소,해수담수화용 (미사용),300,전자식,0,2016-05-11,,,상수맨홀,해운대구,
537,유량계,기장군,기장사업소,6블록내 (기장시장 유량계),50,익차형,294086.92,2016-07-25,좌동2배수지,양호,상수맨홀,기장군,기타
538,유량계,동구,중동부사업소,1블록유량계,150,전자식,282384.21,2021-03-04,수정산터널배수지,양호,,동구,블록
539,유량계,기장군,기장사업소,6-1블록 유량계,150,전자식,293056.1,2016-04-22,좌동2배수지,양호,,기장군,블록
540,유량계,남구,남부사업소,제54블록 유량계,400,초음파식,6,2009-06-04,사상가압장(신설),양호,,남구,블록
543,유량계,동래구,동래통합사업소,19블록,150,전자식,0,2017-06-28,명장배수지,양호,상수맨홀,동래구,블록
544,유량계,동래구,동래통합사업소,2블록,300,전자식,0,2024-04-30,덕천가압장(시내),양호,상수맨홀,동래구,블록
545,유량계,북구,북부사업소,12블록 유량계,150,전자식,0,2024-04-16,덕산정수장(생활직송),양호,상수맨홀,북구,블록
546,유량계,연제구,동래통합사업소,연제구 - 남구,150,터어빈형,,2008-10-27,연산배수지,양호,,연제구,권역
547,유량계,북구,북부사업소,6블록 유량계,200,전자식,291256.79,2022-04-19,덕산정수장(생활직송),양호,상수맨홀,북구,블록
548,유량계,사상구,북부사업소,36-1블록 유량계,150,전자식,284430.14,2023-04-03,주례2배수지,양호,,사상구,블록
549,유량계,사하구,사하사업소,31블록유량계,200,전자식,0,2020-02-20,덕산정수장(생활직송),양호,,사하구,블록
550,유량계,서구,서부사업소,20블록 유량계,250,초음파식,0,2021-04-19,복병산배수지,양호,,서구,블록
551,유량계,사하구,사하사업소,37블록유량계,300,초음파식,0,2021-03-04,덕산정수장(생활직송),양호,,사하구,블록
553,유량계,사하구,사하사업소,8블록 유량계설치,200,전자식,0,2018-04-13,사상가압장(기설),양호,,사하구,블록
554,유량계,금정구,동래통합사업소,제24블록 유량계,200,전자식,0,2022-04-12,명장정수장(직송),양호,상수맨홀,금정구,블록
556,유량계,기장군,기장사업소,7블록 유량계,200,초음파식,0,2024-03-26,좌동2배수지,양호,,기장군,블록
557,유량계,사상구,북부사업소,36블록 유량계,150,전자식,0,2023-04-03,주례1배수지,양호,,사상구,블록
558,유량계,금정구,동래통합사업소,제9블록유량계,300,초음파식,,2010-06-22,덕천가압장(시내),양호,,금정구,블록
559,유량계,사상구,북부사업소,23블록 유량계,200,전자식,0,2022-04-19,모라배수지,양호,,사상구,블록
560,유량계,서구,서부사업소,8-2블록 유량계,80,전자식,0,2022-05-23,수정산터널배수지,양호,,서구,블록
561,유량계,강서구,강서사업소,강서4블록 유량계,500,초음파식,284690.1,2022-03-29,덕산정수장(생활직송),양호,상수맨홀,강서구,블록
562,유량계,부산진구,부산진사업소,37블록 유량계,150,전자식,0,2023-03-20,수정산터널배수지,양호,,부산진구,블록
563,유량계,영도구,영도사업소,23블록 유량계,150,전자식,275276.46,2009-12-24,해돋이배수지,양호,상수맨홀,영도구,블록
564,유량계,기장군,시설관리사업소,16블록내구역유량계(명례산단,200,전자식,307853.9,2013-09-30,기장명례배수지,양호,상수맨홀,기장군,권역
565,유량계,동구,중동부사업소,30블록유량계,100,전자식,0,2023-06-09,수정산터널배수지,양호,,동구,블록
566,유량계,동래구,동래통합사업소,1블록 유량계,200,전자식,0,2025-03-17,덕천가압장(시내),양호,상수맨홀,동래구,블록
567,유량계,중구,중동부사업소,17-2블록유량계,300,초음파식,279764.76,2021-06-18,대청배수지,양호,,중구,블록
568,유량계,기장군,기장사업소,11블록 유량계,300,전자식,12,2020-04-23,좌동2배수지,양호,상수맨홀,기장군,블록
570,유량계,동래구,동래통합사업소,4블록 유량계,200,전자식,0,2024-04-30,덕천가압장(오륜),양호,상수맨홀,동래구,블록
571,유량계,해운대구,시설관리사업소,반여2배수지가압장(유출관로),200,초음파식,0,2015-06-26,반여2배수지가압장,양호,,,가압장
572,유량계,동래구,동래통합사업소,10블록 유량계,150,전자식,0,2025-03-18,사직부스터,양호,상수맨홀,동래구,블록
573,유량계,연제구,동래통합사업소,55블록 유량계,200,전자식,0,2024-05-02,연산배수지,양호,상수맨홀,연제구,블록
574,유량계,연제구,동래통합사업소,58블록 유량계,200,전자식,0,2024-05-09,덕천가압장(시내),양호,상수맨홀,연제구,블록
575,유량계,부산진구,부산진사업소,15블록 유량계,250,초음파식,284960.71,2018-11-22,전포1배수지,양호,,부산진구,블록
576,유량계,기장군,기장사업소,8블록 유량계,400,초음파식,292832.34,2021-07-15,봉대산배수지,양호,,,블록
577,유량계,사하구,사하사업소,36블록유량계,200,전자식,0,2024-06-17,장림배수지,양호,,사하구,블록
578,유량계,사상구,북부사업소,27블록 유량계,200,전자식,0,2022-04-19,모라배수지,양호,상수맨홀,사상구,블록
579,유량계,사상구,북부사업소,28블록 유량계,350,초음파식,286916.43,2024-04-16,사상가압장(신설),양호,상수맨홀,사상구,블록
580,유량계,사상구,북부사업소,37블록 유량계,300,초음파식,0,2025-04-04,사상가압장(신설),양호,상수맨홀,사상구,블록
581,유량계,북구,북부사업소,2블록 유량계,300,초음파식,0,2020-05-20,금곡배수지,양호,상수맨홀,북구,블록
583,유량계,서구,시설관리사업소,유량계 (유출관로),500,초음파식,0,2009-12-14,대티2배수지,양호,,서구,배수지
584,유량계,기타,덕산정수사업소,3정수원수 유입유량계,2400,초음파식,0,2016-03-21,매리취수장(가압),양호,,기타,정수장
585,유량계,부산진구,시설관리사업소,안창라인펌프2,50,익차형,282930.4,1997-11-01,안창배수지,양호,,부산진구,권역
586,유량계,기타,덕산정수사업소,1정수원수 유입유량계,2200,초음파식,0,2003-09-01,매리취수장(가압),양호,,기타,정수장
587,유량계,기장군,기장사업소,9블록 유량계,200,전자식,303657.85,2020-04-23,월내배수지,양호,,기장군,블록
588,유량계,해운대구,시설관리사업소,유량계 (유출관로),1200,초음파식,0,2022-02-21,명장배수지,양호,,해운대구,배수지
589,유량계,기장군,시설관리사업소,유량계 (유출관로),600,전자식,0,2014-12-20,정관지구저지배수지,양호,,기장군,배수지
590,유량계,동구,중동부사업소,18-1블록유량계,150,전자식,1764,2015-09-16,영주배수지,양호,상수맨홀,동구,블록
591,유량계,영도구,시설관리사업소,유량계 (유입관로),800,전자식,0,2010-12-21,청학가압장,양호,,영도구,배수지
593,유량계,서구,서부사업소,충무재래시장 비교측정용(사재),100,전자식,,2016-06-07,복병산배수지,양호,상수맨홀,서구,기타
594,유량계,기타,덕산정수사업소,2정수원수 유입유량계,2200,초음파식,0,2003-09-01,매리취수장(가압),양호,,기타,정수장
595,유량계,기타,덕산정수사업소,3정수 유출유량계,2200,초음파식,298731.83,2004-01-01,덕산정수장(생활직송),양호,,기타,정수장
596,유량계,기타,덕산정수사업소,5차 입상 회수유량계,400,전자식,0,2000-07-01,덕산정수장(생활직송),양호,,기타,기타
597,유량계,동구,중동부사업소,,250,전자식,800,2018-06-08,영주배수지,양호,상수맨홀,동구,블록
598,유량계,사하구,사하사업소,3-2블록유량계,100,전자식,864,2024-06-17,덕산정수장(생활직송),양호,상수맨홀,사하구,블록
599,유량계,북구,북부사업소,52블록 유량계,400,초음파식,294532.01,2020-05-20,금곡배수지,양호,상수맨홀,북구,블록
601,유량계,사하구,사하사업소,14블록 유량계,300,전자식,1790,2016-07-16,신평배수지,양호,,사하구,블록
602,유량계,북구,북부사업소,7-2블록 유량계,100,전자식,295,2016-11-04,덕산정수장(생활직송),양호,상수맨홀,북구,블록
603,유량계,금정구,동래통합사업소,동래7-1블록 유량계유입(2),80,전자식,0,2025-03-17,서동배수지,양호,상수맨홀,금정구,블록(보조)
604,유량계,해운대구,해운대사업소,반송1동 제5블록 유량계,200,전자식,,2005-12-01,반송배수지,양호,상수맨홀,해운대구,블록
605,유량계,해운대구,해운대사업소,반송1동 제6블록 유량계,150,전자식,0,2019-04-01,반송배수지,양호,상수맨홀,해운대구,블록
606,유량계,북구,시설관리사업소,유량계 (유출관로),500,초음파식,0,2023-04-07,만덕5배수지,양호,,북구,배수지
607,유량계,동래구,동래통합사업소,7블록 유량계,200,전자식,291171.09,2025-03-17,오륜배수지,양호,상수맨홀,동래구,블록
609,유량계,서구,시설관리사업소,혜광주택앞,500,전자식,0,2018-11-07,수정산터널배수지,양호,,서구,권역
610,유량계,해운대구,시설관리사업소,올림픽,1350,전자식,285540.09,2021-05-26,덕천가압장(시내),양호,상수맨홀,해운대구,권역
611,유량계,기장군,기장사업소,13블록 유량계,200,전자식,0,2021-04-30,개좌골가압장,양호,,기장군,블록
612,유량계,기타,덕산정수사업소,농업용수 유출유량계,200,초음파식,0,2008-12-17,덕산정수장(생활직송),양호,,기타,기타
613,유량계,금정구,동래통합사업소,31블럭 유량계,50,익차형,0,2016-01-07,산성마을배수지,양호,,금정구,기타
614,유량계,영도구,영도사업소,재래시장전용유량게,50,익차형,277695.23,2016-10-31,사상가압장(기설),양호,상수맨홀,영도구,기타
438,유량계,해운대구,시설관리사업소,반여2배수지(유출관로),450,초음파식,0,2015-06-26,반여2배수지,양호,,,배수지
232,유량계,사하구,시설관리사업소,하구언,1200,초음파식,0,2018-04-17,덕산정수장(공업직송),양호,상수맨홀,사하구,권역
2561,유량계,부산진구,부산진사업소,,65,익차형,0,1993-01-01,안창가압장,양호,,,
3842,유량계,기타,화명정수사업소,물금원수 1350mm,1350,초음파식,301727.48,2012-05-08,물금취수장(가압),양호,,,원수
505,유량계,동래구,명장정수사업소,제1여과지 역세수 유량계,500,초음파식,0,1995-01-02,명장정수장(가압),양호,,동래구,기타
108,유량계,연제구,시설관리사업소,망미토곡,800,전자식,0,2021-05-26,덕천가압장(시내),양호,상수맨홀,연제구,권역
13441,유량계,서구,서부사업소,23블록 보조,100,터어빈형,0,2006-01-01,암남2부스터,양호,,,블록(보조)
421,유량계,연제구,동래통합사업소,40블록 유량계,300,전자식,287188.43,2016-06-02,오륜배수지,양호,상수맨홀,연제구,블록
127,유량계,부산진구,부산진사업소,44블록 유량계,250,초음파식,283704.2,2019-05-30,수정산터널배수지,양호,,부산진구,블록
25004,유량계,서구,서부사업소,유량계(유출),250,전자식,0,2011-01-01,꽃마을배수지,양호,,,배수지
364,유량계,연제구,동래통합사업소,50블록 유량계,250,전자식,0,2021-06-04,덕천가압장(시내),양호,상수맨홀,연제구,블록
22737,유량계,중구,시설관리사업소,유량계 (유입관로),500,초음파식,0,2022-01-21,사상가압장(기설),양호,,,배수지
22738,유량계,중구,시설관리사업소,유량계 (유입관로),500,초음파식,0,2022-01-21,사상가압장(기설),양호,,,배수지
22739,유량계,기장군,시설관리사업소,유량계 (유출관로),500,초음파식,0,2018-12-28,기장좌동가압장,양호,,,배수지
22740,유량계,기장군,시설관리사업소,유량계 (유입관로),400,초음파식,0,2018-12-28,기장좌동가압장,양호,,,배수지
22743,유량계,부산진구,부산진사업소,28블록유량계(임시용),80,터어빈형,0,2022-02-25,문현배수지,양호,,,블록(보조)
22744,유량계,기장군,기장사업소,,400,전자식,0,2023-01-11,의학과학산단배수지,양호,,,
483,유량계,동래구,명장정수사업소,제1정수지 유입 유량계,1200,초음파식,0,2004-12-01,명장정수장(가압),양호,,동래구,기타
707,유량계,사하구,사하사업소,16블록유량계,200,전자식,0,2023-03-23,신평배수지,양호,,사하구,블록
24984,유량계,해운대구,시설관리사업소,유량계(유입),80,전자식,0,2013-01-01,해운대온천수 펌프장(가압),양호,,,가압장
24985,유량계,기장군,시설관리사업소,유량계(유출),400,초음파식,0,2008-01-01,정관산단배수지,양호,,,배수지
25003,유량계,부산진구,시설관리사업소,유량계(유출),600,초음파식,0,2022-08-31,개금가압장,양호,,,가압장
25617,유량계,남구,남부사업소,제30블록 유량계(이설),150,전자식,0,2022-11-25,대연가압장,양호,,,블록
694,유량계,사하구,사하사업소,38-1블록내 소블록유량계,40,익차형,273437.98,2015-01-14,덕산정수장(생활직송),양호,,사하구,블록(보조)
695,유량계,북구,시설관리사업소,덕천양수1 유량계(유출관로),600,초음파식,290739.82,2019-03-22,덕천가압장(시내),양호,상수맨홀,북구,권역
696,유량계,사하구,사하사업소,재래시장 전용유량계 시범설치,50,익차형,,2016-06-22,덕산정수장(생활직송),양호,,사하구,기타
2881,유량계,금정구,시설관리사업소,유량계 (유출관로),300,초음파식,296759.46,2019-05-20,남산배수지,양호,,,배수지
699,유량계,해운대구,시설관리사업소,온천수 펌프장 (유출관로),80,전자식,285072.23,2016-06-29,해운대온천수 펌프장(가압),양호,,,가압장
700,유량계,해운대구,시설관리사업소,유량계2 (유출관로),400,전자식,0,2011-09-26,반송배수지,양호,,해운대구,배수지
701,유량계,서구,시설관리사업소,유량계 (유입관로),400,초음파식,0,2015-12-03,사상가압장(기설),양호,상수맨홀,서구,배수지
702,유량계,사하구,사하사업소,1블록 유량계,350,초음파식,6331,2022-03-17,덕산정수장(생활직송),양호,상수맨홀,사하구,블록
703,유량계,강서구,강서사업소,강서8-1블록 유량계,200,전자식,0,2016-06-24,화전산단배수지,양호,상수맨홀,강서구,블록
704,유량계,강서구,강서사업소,강서8블럭 유량계,200,전자식,0,2020-02-19,덕산정수장(생활직송),양호,상수맨홀,강서구,블록
705,유량계,사하구,사하사업소,22블록 유량계,200,전자식,0,2022-03-17,덕산정수장(생활직송),양호,상수맨홀,사하구,블록
706,유량계,동래구,동래통합사업소,18블록,300,초음파식,,2016-12-14,명장배수지,양호,상수맨홀,동래구,블록
708,유량계,동구,중동부사업소,29블록유량계,250,초음파식,1988,2017-01-20,영주배수지,양호,상수맨홀,동구,블록
709,유량계,강서구,강서사업소,강서16-2블록 유량계,300,초음파식,0,2015-06-30,덕산정수장(생활직송),양호,,강서구,블록
710,유량계,강서구,강서사업소,구16-3블록유량계(미사용),400,초음파식,277985.51,2015-06-30,덕산정수장(생활직송),양호,,강서구,기타
690,유량계,북구,화명정수사업소,화명 유출유량계,2000,초음파식,0,2010-08-20,덕천가압장(시내),양호,,북구,정수장
3873,유량계,기타,화명정수사업소,물금원수 1500mm,1500,초음파식,301726.73,2006-06-14,물금취수장(가압),양호,,,원수
4513,유량계,영도구,영도사업소,제18블록 유량계,150,전자식,277690.57,2018-03-26,청학배수지,양호,상수맨홀,영도구,블록
243,유량계,영도구,영도사업소,11블록유량계,200,전자식,277076.57,2022-03-22,청학배수지,양호,상수맨홀,영도구,블록
5441,유량계,강서구,강서사업소,미음배수지 토출유량계,300,전자식,0,2018-06-28,미음생활용수배수지,양호,,,배수지
8961,유량계,기장군,기장사업소,19블록 유량계(일광택지입구,300,전자식,297221.74,2018-12-20,봉대산배수지,,,,블록
10881,유량계,사상구,시설관리사업소,주례2BP 유출,100,전자식,60,2019-06-04,주례2부스터,양호,,,펌프장
11521,유량계,해운대구,시설관리사업소,좌동2배수지 유입,1000,초음파식,287234.89,2019-05-20,좌동가압장,양호,,,배수지
3889,유량계,북구,화명정수사업소,화명 유입 유량계,1500,초음파식,293617.92,2018-03-14,물금취수장(가압),양호,,,원수
504,유량계,동래구,명장정수사업소,제1침전지 유입 유량계,800,초음파식,0,2015-03-01,명장정수장(가압),양호,,동래구,기타
7041,유량계,영도구,영도사업소,19블록 유량계,250,전자식,276980.55,2018-07-16,청학배수지,양호,상수맨홀,영도구,블록
11522,유량계,부산진구,시설관리사업소,유량계 (유출관로),700,초음파식,0,2019-05-20,전포1배수지,양호,,,배수지
11537,유량계,남구,시설관리사업소,유량계 (유출관로),500,초음파식,0,2019-05-20,문현배수지,양호,,,배수지
192,유량계,남구,남부사업소,제44블록 유량계,250,초음파식,0,2021-04-05,덕천가압장(시내),양호,,남구,블록
69,유량계,금정구,시설관리사업소,석대교3,350,전자식,0,2009-04-03,명장정수장(가압),양호,상수맨홀,금정구,권역
600,유량계,기타,시설관리사업소,용원,800,초음파식,278253.73,2015-11-13,녹산생활배수지,양호,,기타,권역
16977,유량계,기장군,기장사업소,,150,,0,2020-12-11,개좌골가압장,양호,,,
16641,유량계,중구,시설관리사업소,북항재개발사업지 인입,600,초음파식,278535.23,2020-10-16,사상가압장(기설),양호,,,블록
676,유량계,사상구,시설관리사업소,개금2,500,초음파식,8000,2022-02-22,개금1배수지,양호,,사상구,권역
167,유량계,동래구,동래통합사업소,11블록유량계,250,전자식,289933.49,2017-06-28,덕천가압장(오륜),양호,상수맨홀,동래구,블록
582,유량계,북구,북부사업소,9블록 유량계,300,전자식,0,2018-02-26,만덕2배수지,양호,상수맨홀,북구,블록
494,유량계,해운대구,해운대사업소,송정동 제32블록유량계,300,전자식,0,2021-04-26,좌동2배수지,양호,상수맨홀,해운대구,블록
22449,유량계,기장군,시설관리사업소,유량계 (유입관로),500,초음파식,0,2021-11-23,기장좌동가압장,양호,,,배수지
665,유량계,북구,북부사업소,10블록 유량계,200,전자식,53,2009-01-01,덕산정수장(생활직송),양호,상수맨홀,북구,블록
23057,유량계,동래구,시설관리사업소,유량계 (유출관로),350,초음파식,0,2022-01-28,사직배수지,양호,,,배수지
608,유량계,기타,덕산정수사업소,농업용수 유출량계(화훼단지),400,전자식,0,2024-06-18,덕산정수장(생활직송),양호,,기타,기타
23378,유량계,남구,남부사업소,,200,전자식,0,2021-12-31,덕천가압장(시내),양호,,,권역
24673,유량계,강서구,강서사업소,녹산공업용수배수지 유출,800,초음파식,278238.99,2019-10-02,녹산공업용수배수지,,,,배수지
24705,유량계,강서구,강서사업소,지사공업배수지 유출,300,초음파식,283485.83,2021-02-28,지사공업용수가압장,,,,배수지
24721,유량계,강서구,강서사업소,화전산단배수지 유출,400,초음파식,278882.87,2021-02-02,덕산정수장(생활직송),,,,배수지
1969,유량계,강서구,강서사업소,강서9-3블록 유량계,150,전자식,0,2017-05-11,녹산생활배수지,,,,블록(보조)
21,유량계,영도구,시설관리사업소,부산대교,800,초음파식,277587.47,2017-06-01,사상가압장(기설),양호,상수맨홀,영도구,권역
6721,유량계,강서구,강서사업소,강서9-2블록 유량계,200,전자식,0,2018-06-28,녹산생활배수지,양호,,,블록(보조)
11841,유량계,부산진구,시설관리사업소,유량계 (유출관로),500,초음파식,0,2019-05-20,전포2가압장,양호,,,가압장
11842,유량계,부산진구,시설관리사업소,유량계 (유출관로),900,초음파식,0,2019-05-20,전포2배수지,양호,,,배수지
11843,유량계,기장군,시설관리사업소,유량계 (유입관로),400,초음파식,0,2019-05-20,정관가압장,양호,,,배수지
11844,유량계,해운대구,시설관리사업소,유량계 (유입관로),300,전자식,0,2019-05-20,명장정수장(가압),양호,,,가압장
11845,유량계,해운대구,시설관리사업소,유량계 (유출관로),250,전자식,0,2019-05-20,신반송가압장,양호,,,가압장
11846,유량계,기장군,시설관리사업소,유량계 (유출관로),200,전자식,293386.9,2019-05-20,고촌가압장,양호,,,가압장
11847,유량계,해운대구,시설관리사업소,유량계 (유입관로),400,전자식,0,2019-05-20,덕천가압장(시내),양호,,,가압장
11848,유량계,기장군,시설관리사업소,유량계 (유입관로),400,전자식,0,2019-05-20,정관지구저지배수지,양호,,,가압장
11849,유량계,북구,시설관리사업소,유량계 (유입관로),100,전자식,0,2019-06-27,만덕2배수지,양호,,,펌프장
443,유량계,해운대구,시설관리사업소,반여2배수지1BP(유출관로),200,초음파식,0,2015-06-26,반여2배수지1부스터,양호,,해운대구,펌프장
515,유량계,동구,중동부사업소,12블록유량계,300,전자식,280591.64,2003-10-22,수정1배수지,양호,,동구,블록
268,유량계,부산진구,부산진사업소,2블록 구역유량계,250,전자식,284675.97,2020-04-09,신당감가압장,양호,,부산진구,블록
18577,유량계,중구,중동부사업소,21블록유량계,250,전자식,0,2017-01-01,복병산배수지,양호,,,블록
328,유량계,북구,북부사업소,8-1블록 유량계,200,전자식,290775.54,2025-04-04,만덕1배수지,양호,상수맨홀,북구,블록
23697,유량계,서구,서부사업소,26-1블록 유량계,150,전자식,0,2022-06-28,수정산터널배수지,양호,,,블록
25297,유량계,사하구,시설관리사업소,유량계(유입),600,초음파식,0,2022-08-31,사상가압장(기설),양호,,,배수지
25313,유량계,사하구,시설관리사업소,유량계(유입),700,초음파식,0,2022-08-31,사상가압장(기설),양호,,,배수지
25345,유량계,사상구,시설관리사업소,유량계(유입),200,윌트만형,0,2022-08-31,주례1부스터,양호,,,배수지
25315,유량계,금정구,시설관리사업소,유량계(유입),800,초음파식,0,2022-08-31,덕천가압장(오륜),양호,,,배수지
25361,유량계,기장군,시설관리사업소,유량계(유입),200,초음파식,0,2022-08-31,봉대산배수지,양호,,,배수지
24980,유량계,부산진구,시설관리사업소,유량계(유출),1000,초음파식,0,2007-01-01,수정산터널배수지,양호,,,배수지
4481,유량계,영도구,영도사업소,5블록유량계,200,전자식,277615.39,2018-03-26,사상가압장(기설),양호,상수맨홀,영도구,블록
4161,유량계,기장군,기장사업소,20블록 유량계 (반룡산단내,200,전자식,0,2017-09-28,정관지구저지배수지,양호,,,기타
4497,유량계,영도구,영도사업소,14-1블록 유량계,200,전자식,277703.19,2018-03-26,청학배수지,양호,상수맨홀,영도구,블록
5761,유량계,동래구,동래통합사업소,,50,익차형,290997.48,2001-01-01,서동부스터,양호,,,기타
89,유량계,동래구,동래통합사업소,6블록유량계,150,전자식,290749.72,2015-09-15,덕천가압장(시내),양호,상수맨홀,동래구,블록
11857,유량계,사하구,시설관리사업소,성화원BP 유량계(유출관로),300,전자식,0,2019-05-20,성화원부스터,양호,,,펌프장
13121,유량계,강서구,강서사업소(미이관),,150,,0,2017-04-01,덕산정수장(생활직송),,,,
12818,유량계,사상구,북부사업소,46블록 유량계,300,전자식,283172.02,2019-12-20,개금1배수지,양호,상수맨홀,사상구,블록
24689,유량계,강서구,강서사업소,지사공업배수지 유입,400,초음파식,283486.89,2019-10-30,지사공업용수가압장,,,,배수지
25329,유량계,사상구,시설관리사업소,유량계(유입),400,초음파식,0,2022-08-31,사상가압장(신설),양호,,,배수지
25937,유량계,강서구,강서사업소,강서16-3블록유량계,400,전자식,0,2019-09-30,덕산정수장(생활직송),양호,,,블록
24692,유량계,강서구,강서사업소,지사생활가압장 유출,300,초음파식,281912.28,2019-10-01,지사생활용수가압장,,,,가압장
2,유량계,기타,덕산정수사업소,3정수 회수유량계,400,전자식,0,1995-08-01,덕산정수장(생활직송),양호,,기타,기타
26257,유량계,강서구,시설관리사업소,공사용수용체크(임시),100,전자식,281507.67,2023-03-30,덕산정수장(생활직송),양호,,,기타
26258,유량계,강서구,강서사업소,공사용수용체크(임시),100,전자식,281520.06,2023-03-30,덕산정수장(공업직송),양호,,,기타
248,유량계,사상구,북부사업소,39블록 유량계,150,전자식,0,2018-06-01,덕산정수장(생활직송),양호,상수맨홀,사상구,블록
27537,유량계,기타,시설관리사업소,대동산업단지 구역유량계,600,초음파식,0,2023-12-10,덕산정수장(생활직송),양호,,,권역
592,유량계,북구,시설관리사업소,유량계 (유출관로),800,초음파식,0,2023-10-16,금곡배수지,양호,,북구,배수지
27873,유량계,서구,사하사업소,유량계역할의 계량기,50,익차형,0,2024-03-04,아미부스터,양호,,,기타
29777,유량계,강서구,강서사업소,공항119안전소방용수유량측정,100,전자식,0,2024-11-05,덕산정수장(생활직송),양호,,,기타
28817,유량계,금정구,명장정수사업소,범어사정수장 내,150,전자식,0,2024-06-05,법기수원지(직송),양호,상수맨홀,금정구,원수
28497,유량계,기타,덕산정수사업소,농업용수 유출량계(화훼단지),200,전자식,0,2024-06-18,덕산정수장(생활직송),양호,,,기타
30417,유량계,부산진구,시설관리사업소,당감2배수지 유량계(유입),500,초음파식,0,2025-01-20,신당감가압장,양호,,,
8001,유량계,연제구,동래통합사업소,56블록유량계,200,전자식,0,2018-09-19,연산배수지,양호,,,블록
1602,유량계,연제구,시설관리사업소,유량계 (유출관로),700,초음파식,0,2022-11-23,연산배수지,양호,,,배수지
478,유량계,해운대구,해운대사업소,우1동 제24블록 유량계,350,초음파식,0,2022-06-28,덕천가압장(시내),양호,상수맨홀,해운대구,블록
312,유량계,해운대구,해운대사업소,재송2동 제17블록 유량계,250,전자식,0,2020-03-20,반여2배수지1부스터,양호,상수맨홀,해운대구,블록
10241,유량계,서구,서부사업소,15-1블록 유량계,50,익차형,278710.42,2019-05-24,대티2배수지,양호,,,블록
527,유량계,북구,시설관리사업소,덕천양수2(유량계 유출관로),2000,초음파식,0,2020-03-18,덕천가압장(시내),양호,,,권역
16961,유량계,기장군,기장사업소,,150,,0,2020-12-11,정관지구고지배수지,양호,,,
18897,유량계,부산진구,부산진사업소,24블록유량계,200,전자식,0,2021-07-06,전포2배수지,양호,,,블록
639,유량계,강서구,강서사업소,강서2블록 유량계,200,전자식,0,2022-03-29,덕산정수장(생활직송),양호,,강서구,블록
21777,유량계,영도구,영도사업소,4블록유량계,200,초음파식,197,2021-12-24,사상가압장(기설),양호,,,블록
24657,유량계,기타,강서사업소,녹산생활용수배수지 유입,600,초음파식,278192.49,2021-11-01,덕산정수장(생활직송),,,,배수지
24658,유량계,기타,강서사업소,녹산생활배수지 유출,800,초음파식,278175.25,2019-10-01,덕산정수장(생활직송),,,,배수지
24659,유량계,강서구,강서사업소,녹산공업용수배수지 유입,600,초음파식,278245.91,2021-11-02,녹산공업용수배수지,,,,배수지
24660,유량계,강서구,강서사업소,지사생활배수지 유출,300,초음파식,283494.02,2021-02-28,지사생활용수가압장,,,,배수지
24661,유량계,강서구,강서사업소,지사생활배수지 유입,400,초음파식,283484.47,2019-10-30,지사생활용수가압장,,,,배수지
24999,유량계,금정구,시설관리사업소,유량계(유출),200,전자식,0,2014-01-01,산성마을배수지,양호,,,배수지
24663,유량계,강서구,강서사업소,신항배수지 유입,700,초음파식,276672.59,2019-02-02,덕산정수장(생활직송),,,,배수지
24664,유량계,강서구,시설관리사업소,미음생활배수지 유출,350,초음파식,281380.15,2011-11-30,지사생활용수가압장,양호,,,배수지
24665,유량계,강서구,시설관리사업소,미음생활배수지 유입,300,초음파식,281379.11,2011-11-30,지사생활용수가압장,양호,,,배수지
24666,유량계,강서구,시설관리사업소,미음공업배수지 유출,500,초음파식,281394.77,2021-02-28,지사공업용수가압장,양호,,,배수지
24667,유량계,강서구,시설관리사업소,미음공업배수지 유입,500,초음파식,281393.73,2011-11-30,지사공업용수가압장,양호,,,배수지
24998,유량계,사하구,시설관리사업소,유량계(유출),500,초음파식,275841.41,2019-01-01,감천배수지,양호,,,
25000,유량계,금정구,시설관리사업소,유량계(유입),200,전자식,0,2014-01-01,산성4부스터,양호,,,배수지
24671,유량계,강서구,강서사업소,천성1가압장 유출,200,초음파식,274513.23,2021-02-20,부산신항배수지,,,,펌프장
25001,유량계,부산진구,시설관리사업소,유량계(유입),300,초음파식,0,2022-08-31,주례1가압장,양호,,,배수지
9281,유량계,부산진구,부산진사업소,8블록 유량계,300,초음파식,285047.71,2018-09-18,당감배수지,양호,상수맨홀,부산진구,블록
4801,유량계,기장군,기장사업소,8-1블록 유량계,400,전자식,0,2018-04-17,좌동2배수지,양호,,,블록
10561,유량계,기장군,기장사업소,16블록 유량계(200mm),200,전자식,307643.61,2019-05-29,기장명례배수지,양호,,,블록
12481,유량계,부산진구,부산진사업소,31블록 유량계,300,초음파식,0,2019-12-16,전포2배수지,양호,,,블록
12482,유량계,북구,시설관리사업소,유량계 (유출관로),300,전자식,0,2019-09-06,만덕가압장,양호,,,가압장
12483,유량계,북구,시설관리사업소,유량계 (유출관로),300,전자식,0,2019-09-06,만덕가압장,양호,,,가압장
352,유량계,기장군,기장사업소,14-3블록 유량계,350,초음파식,301939.15,2021-04-30,정관산단배수지,양호,상수맨홀,기장군,블록
12485,유량계,동래구,시설관리사업소,유량계 (유출관로),65,전자식,0,2019-11-15,동래온천수 펌프장(가압),양호,,,가압장
14401,유량계,남구,남부사업소,25.27통합,300,전자식,0,2020-05-13,문현배수지,양호,,,
21137,유량계,강서구,시설관리사업소,,600,초음파식,279955.32,2021-10-31,덕산정수장(생활직송),양호,상수맨홀,강서구,배수지
21138,유량계,강서구,강서사업소(미이관),,200,초음파식,0,2021-10-03,,양호,상수맨홀,강서구,배수지
21139,유량계,강서구,시설관리사업소,,700,초음파식,0,2021-10-31,덕산정수장(생활직송),양호,상수맨홀,강서구,
21140,유량계,강서구,시설관리사업소,,400,초음파식,0,2021-10-31,덕산정수장(공업직송),양호,상수맨홀,강서구,
21141,유량계,강서구,강서사업소,,300,초음파식,280256.88,2021-10-31,덕산정수장(생활직송),양호,상수맨홀,강서구,
21142,유량계,강서구,강서사업소(미이관),,250,초음파식,0,2020-12-09,,양호,상수맨홀,강서구,
21143,유량계,강서구,강서사업소(미이관),,200,초음파식,280740.64,2020-12-09,,양호,상수맨홀,강서구,배수지
178,유량계,부산진구,부산진사업소,33블록 유량계,300,초음파식,0,2020-04-09,개금1배수지,양호,,부산진구,블록
402,유량계,해운대구,해운대사업소,우1동 제29블록 유량계,400,초음파식,284902.79,2007-01-01,덕천가압장(시내),양호,상수맨홀,해운대구,블록
24977,유량계,서구,시설관리사업소,유량계(유입),200,초음파식,280592.84,2022-08-31,꽃마을1가압장,양호,,,배수지
24978,유량계,부산진구,시설관리사업소,유량계(유입),500,초음파식,0,2022-02-04,당감가압장,양호,,,배수지
24979,유량계,부산진구,시설관리사업소,유량계(유입),900,초음파식,0,2022-12-12,사상가압장(신설),양호,,,가압장
24981,유량계,북구,시설관리사업소,유량계(유출),400,전자식,0,2008-01-01,화명가압장,양호,,,가압장
24982,유량계,해운대구,시설관리사업소,유량계(유출),200,초음파식,0,2015-01-01,반여2배수지2부스터,양호,,,펌프장
24983,유량계,해운대구,시설관리사업소,유량계(유출),150,전자식,0,2012-01-01,해운대온천수 펌프장(가압),양호,,,펌프장
30738,유량계,기장군,기장사업소,,250,초음파식,0,2023-01-11,의학과학산단배수지,양호,,,
675,유량계,기타,시설관리사업소,신항배후1,500,초음파식,7000,2022-02-22,부산신항배수지,양호,,기타,권역
635,유량계,기장군,시설관리사업소,유량계 (유입관로),500,초음파식,0,2007-12-31,개좌골가압장,양호,,기장군,배수지
30433,유량계,부산진구,시설관리사업소,당감2배수지 유량계(유출),500,초음파식,0,2025-01-20,신당감가압장,,,,
